{
  "properties": {
    "connectionReferences": {
      "shared_commondataserviceforapps": {
        "runtimeSource": "embedded",
        "connection": {
          "connectionReferenceLogicalName": "rpakit_sharedcommondataserviceforapps_947e5"
        },
        "api": {
          "name": "shared_commondataserviceforapps"
        }
      }
    },
    "definition": {
      "$schema": "https://schema.management.azure.com/providers/Microsoft.Logic/schemas/2016-06-01/workflowdefinition.json#",
      "contentVersion": "1.0.0.0",
      "parameters": {
        "$connections": {
          "defaultValue": {},
          "type": "Object"
        },
        "$authentication": {
          "defaultValue": {},
          "type": "SecureObject"
        }
      },
      "triggers": {
        "When_an_item_fails_and_tags_are_matched": {
          "metadata": {
            "operationMetadataId": "5d0b67ec-c5dc-4d54-9b69-87767496e038"
          },
          "type": "OpenApiConnectionWebhook",
          "inputs": {
            "host": {
              "connectionName": "shared_commondataserviceforapps",
              "operationId": "SubscribeWebhookTrigger",
              "apiId": "/providers/Microsoft.PowerApps/apis/shared_commondataserviceforapps"
            },
            "parameters": {
              "subscriptionRequest/message": 3,
              "subscriptionRequest/entityname": "rpakit_workitem",
              "subscriptionRequest/scope": 4,
              "subscriptionRequest/filteringattributes": "rpakit_tagsassignedtimestamp"
            },
            "authentication": "@parameters('$authentication')"
          }
        }
      },
      "actions": {
        "Condition_-_tagged_TEMPORARY": {
          "actions": {
            "Update_a_row__-_waiting_to_restart": {
              "runAfter": {},
              "metadata": {
                "operationMetadataId": "bbb8db16-2382-42a6-961a-b446c149ca92"
              },
              "type": "OpenApiConnection",
              "inputs": {
                "host": {
                  "connectionName": "shared_commondataserviceforapps",
                  "operationId": "UpdateRecord",
                  "apiId": "/providers/Microsoft.PowerApps/apis/shared_commondataserviceforapps"
                },
                "parameters": {
                  "entityName": "rpakit_workitems",
                  "recordId": "@triggerOutputs()?['body/rpakit_workitemid']",
                  "item/rpakit_executionstatus": 452330000
                },
                "authentication": "@parameters('$authentication')"
              }
            },
            "Delay": {
              "runAfter": {
                "Update_a_row__-_waiting_to_restart": [
                  "Succeeded"
                ]
              },
              "metadata": {
                "operationMetadataId": "858c8fa6-d40d-4ab8-a8d6-f33fd9561755"
              },
              "type": "Wait",
              "inputs": {
                "interval": {
                  "count": 5,
                  "unit": "Minute"
                }
              }
            },
            "Update_a_row_-_queued_for_execution": {
              "runAfter": {
                "Delay": [
                  "Succeeded"
                ]
              },
              "metadata": {
                "operationMetadataId": "86e05efc-ee42-4ff4-b709-f84f40120b8f"
              },
              "type": "OpenApiConnection",
              "inputs": {
                "host": {
                  "connectionName": "shared_commondataserviceforapps",
                  "operationId": "UpdateRecord",
                  "apiId": "/providers/Microsoft.PowerApps/apis/shared_commondataserviceforapps"
                },
                "parameters": {
                  "entityName": "rpakit_workitems",
                  "recordId": "@triggerOutputs()?['body/rpakit_workitemid']",
                  "item/rpakit_executionstatus": 343970001,
                  "item/rpakit_tags": "@{if(empty(triggerOutputs()?['body/rpakit_tags']),'',concat(triggerOutputs()?['body/rpakit_tags'],','))}343970005"
                },
                "authentication": "@parameters('$authentication')"
              }
            }
          },
          "runAfter": {
            "Get_a_row_by_ID": [
              "Succeeded"
            ]
          },
          "expression": {
            "contains": [
              "",
              "@'343970002'"
            ]
          },
          "metadata": {
            "operationMetadataId": "d8fae9ba-eb14-4ce6-bde8-3ce88d5e8288"
          },
          "type": "If"
        },
        "Get_a_row_by_ID": {
          "runAfter": {},
          "metadata": {
            "operationMetadataId": "140a0a2c-68d9-42d0-b0e6-26d685af8c40"
          },
          "type": "OpenApiConnection",
          "inputs": {
            "host": {
              "connectionName": "shared_commondataserviceforapps",
              "operationId": "GetItem",
              "apiId": "/providers/Microsoft.PowerApps/apis/shared_commondataserviceforapps"
            },
            "parameters": {
              "entityName": "rpakit_workitems",
              "recordId": "@triggerOutputs()?['body/rpakit_workitemid']"
            },
            "authentication": "@parameters('$authentication')"
          }
        },
        "Ignore_errors": {
          "runAfter": {
            "Condition_-_tagged_TEMPORARY": [
              "Succeeded",
              "Failed"
            ]
          },
          "metadata": {
            "operationMetadataId": "5f8fe294-6430-463b-a227-8cff7ab47a8e"
          },
          "type": "Compose",
          "inputs": " "
        }
      }
    }
  },
  "schemaVersion": "1.0.0.0"
}