{
  "properties": {
    "connectionReferences": {
      "shared_commondataserviceforapps": {
        "runtimeSource": "embedded",
        "connection": {
          "connectionReferenceLogicalName": "rpakit_sharedcommondataserviceforapps_947e5"
        },
        "api": {
          "name": "shared_commondataserviceforapps"
        }
      }
    },
    "definition": {
      "$schema": "https://schema.management.azure.com/providers/Microsoft.Logic/schemas/2016-06-01/workflowdefinition.json#",
      "contentVersion": "1.0.0.0",
      "parameters": {
        "$connections": {
          "defaultValue": {},
          "type": "Object"
        },
        "$authentication": {
          "defaultValue": {},
          "type": "SecureObject"
        }
      },
      "triggers": {
        "manual": {
          "metadata": {
            "operationMetadataId": "d535bb6c-c7e4-4d6d-a95a-72d37207c8c1"
          },
          "type": "Request",
          "kind": "Button",
          "inputs": {
            "schema": {
              "type": "object",
              "properties": {
                "text": {
                  "title": "Run ID",
                  "type": "string",
                  "x-ms-dynamically-added": true,
                  "description": "Please enter your input",
                  "x-ms-content-hint": "TEXT"
                }
              },
              "required": [
                "text"
              ]
            }
          }
        }
      },
      "actions": {
        "List_rows": {
          "runAfter": {},
          "metadata": {
            "operationMetadataId": "ae7e7d5f-c00f-4b0a-bc73-8defb9820ef5"
          },
          "type": "OpenApiConnection",
          "inputs": {
            "host": {
              "connectionName": "shared_commondataserviceforapps",
              "operationId": "ListRecords",
              "apiId": "/providers/Microsoft.PowerApps/apis/shared_commondataserviceforapps"
            },
            "parameters": {
              "entityName": "flowsessions",
              "$filter": "flowsessionid eq '@{triggerBody()['text']}'"
            },
            "authentication": {
              "type": "Raw",
              "value": "@json(decodeBase64(triggerOutputs().headers['X-MS-APIM-Tokens']))['$ConnectionKey']"
            }
          }
        },
        "If_any_rows_found": {
          "actions": {
            "If_StartedOn_exists": {
              "actions": {
                "Respond_to_a_PowerApp_or_flow__-_valid": {
                  "runAfter": {
                    "Compose": [
                      "Succeeded"
                    ]
                  },
                  "metadata": {
                    "operationMetadataId": "2a3dc2f0-1c5a-413f-bf90-676d92b6f3c8"
                  },
                  "type": "Response",
                  "kind": "PowerApp",
                  "inputs": {
                    "statusCode": 200,
                    "body": {
                      "machine": "@{body('Parse_JSON')?['hostName']}",
                      "started_on": "@{outputs('FlowRun')?['startedon']}",
                      "completed_on": "@{outputs('FlowRun')?['completedon']}",
                      "duration": "@outputs('Duration')",
                      "parentworkflowid": "@{body('Parse_JSON')?['parentWorkflowId']}",
                      "parentworkflowrunid": "@{body('Parse_JSON')?['parentWorkflowRunId']}"
                    },
                    "schema": {
                      "type": "object",
                      "properties": {
                        "machine": {
                          "title": "Machine",
                          "x-ms-dynamically-added": true,
                          "type": "string"
                        },
                        "started_on": {
                          "title": "Started On",
                          "x-ms-dynamically-added": true,
                          "type": "string"
                        },
                        "completed_on": {
                          "title": "Completed On",
                          "x-ms-dynamically-added": true,
                          "type": "string"
                        },
                        "duration": {
                          "title": "Duration",
                          "x-ms-dynamically-added": true,
                          "type": "number"
                        },
                        "parentworkflowid": {
                          "title": "parentWorkflowId",
                          "x-ms-dynamically-added": true,
                          "type": "string"
                        },
                        "parentworkflowrunid": {
                          "title": "parentWorkflowRunId",
                          "x-ms-dynamically-added": true,
                          "type": "string"
                        }
                      }
                    }
                  }
                },
                "Duration": {
                  "runAfter": {},
                  "metadata": {
                    "operationMetadataId": "f78455c4-51dd-4671-b69e-749d0c23394a"
                  },
                  "type": "Compose",
                  "inputs": "@div(sub(ticks(parseDateTime(outputs('List_rows')?['body/value'][0]['completedon'])),ticks(parseDateTime(outputs('List_rows')?['body/value'][0]['startedon']))),10000000)"
                },
                "Compose": {
                  "runAfter": {
                    "Duration": [
                      "Succeeded"
                    ]
                  },
                  "metadata": {
                    "operationMetadataId": "fb6a1b4a-ef2e-446c-91cf-b1b9ce181c55"
                  },
                  "type": "Compose",
                  "inputs": "@outputs('Parse_JSON')"
                }
              },
              "runAfter": {
                "Parse_JSON": [
                  "Succeeded"
                ]
              },
              "else": {
                "actions": {
                  "Respond_to_a_PowerApp_or_flow_-_partial": {
                    "runAfter": {},
                    "metadata": {
                      "operationMetadataId": "2a3dc2f0-1c5a-413f-bf90-676d92b6f3c8"
                    },
                    "type": "Response",
                    "kind": "PowerApp",
                    "inputs": {
                      "statusCode": 200,
                      "body": {
                        "machine": "@body('Parse_JSON')?['hostName']",
                        "duration": 0,
                        "parentworkflowid": "@{body('Parse_JSON')?['parentWorkflowId']}",
                        "parentworkflowrunid": "@{body('Parse_JSON')?['parentWorkflowRunId']}"
                      },
                      "schema": {
                        "type": "object",
                        "properties": {
                          "machine": {
                            "title": "Machine",
                            "x-ms-dynamically-added": true,
                            "type": "string"
                          },
                          "started_on": {
                            "title": "Started On",
                            "x-ms-dynamically-added": true,
                            "type": "string"
                          },
                          "completed_on": {
                            "title": "Completed On",
                            "x-ms-dynamically-added": true,
                            "type": "string"
                          },
                          "duration": {
                            "title": "Duration",
                            "x-ms-dynamically-added": true,
                            "type": "number"
                          },
                          "parentworkflowid": {
                            "title": "parentWorkflowId",
                            "x-ms-dynamically-added": true,
                            "type": "string"
                          },
                          "parentworkflowrunid": {
                            "title": "parentWorkflowRunId",
                            "x-ms-dynamically-added": true,
                            "type": "string"
                          }
                        }
                      }
                    }
                  }
                }
              },
              "expression": {
                "equals": [
                  "@contains(outputs('FlowRun'),'startedon')",
                  "@true"
                ]
              },
              "metadata": {
                "operationMetadataId": "61bbb6d2-b209-4a69-abaf-e508a6399506"
              },
              "type": "If"
            },
            "FlowRun": {
              "runAfter": {},
              "metadata": {
                "operationMetadataId": "62455617-dc7a-4124-a684-9a8e68c0c99f"
              },
              "type": "Compose",
              "inputs": "@outputs('List_rows')?['body/value'][0]"
            },
            "Parse_JSON": {
              "runAfter": {
                "FlowRun": [
                  "Succeeded"
                ]
              },
              "metadata": {
                "operationMetadataId": "f14e9df3-f00d-4395-b992-3042fd110238"
              },
              "type": "ParseJson",
              "inputs": {
                "content": "@outputs('FlowRun')?['context']",
                "schema": {
                  "type": "object",
                  "properties": {
                    "hostName": {
                      "type": "string"
                    },
                    "parentWorkflowId": {
                      "type": "string"
                    },
                    "parentWorkflowRunId": {
                      "type": "string"
                    },
                    "attendedMode": {
                      "type": "string"
                    },
                    "agentVersion": {
                      "type": "string"
                    },
                    "connectionType": {
                      "type": "string"
                    },
                    "parentWorkflowType": {
                      "type": "string"
                    }
                  }
                }
              }
            }
          },
          "runAfter": {
            "List_rows": [
              "Succeeded"
            ]
          },
          "else": {
            "actions": {
              "Respond_to_a_PowerApp_or_flow_-_no_data": {
                "runAfter": {},
                "metadata": {
                  "operationMetadataId": "2a3dc2f0-1c5a-413f-bf90-676d92b6f3c8"
                },
                "type": "Response",
                "kind": "PowerApp",
                "inputs": {
                  "statusCode": 200,
                  "body": {
                    "parentworkflowid": " ",
                    "parentworkflowrunid": " "
                  },
                  "schema": {
                    "type": "object",
                    "properties": {
                      "machine": {
                        "title": "Machine",
                        "x-ms-dynamically-added": true,
                        "type": "string"
                      },
                      "started_on": {
                        "title": "Started On",
                        "x-ms-dynamically-added": true,
                        "type": "string"
                      },
                      "completed_on": {
                        "title": "Completed On",
                        "x-ms-dynamically-added": true,
                        "type": "string"
                      },
                      "duration": {
                        "title": "Duration",
                        "x-ms-dynamically-added": true,
                        "type": "number"
                      },
                      "parentworkflowid": {
                        "title": "parentWorkflowId",
                        "x-ms-dynamically-added": true,
                        "type": "string"
                      },
                      "parentworkflowrunid": {
                        "title": "parentWorkflowRunId",
                        "x-ms-dynamically-added": true,
                        "type": "string"
                      }
                    }
                  }
                }
              }
            }
          },
          "expression": {
            "greater": [
              "@length(outputs('List_rows')?['body/value'])",
              0
            ]
          },
          "metadata": {
            "operationMetadataId": "b7cd4775-4992-48f6-8c23-75565ec1af0f"
          },
          "type": "If"
        }
      }
    },
    "templateName": null
  },
  "schemaVersion": "1.0.0.0"
}