{
  "properties": {
    "connectionReferences": {
      "shared_commondataserviceforapps": {
        "runtimeSource": "embedded",
        "connection": {
          "connectionReferenceLogicalName": "rpakit_sharedcommondataserviceforapps_947e5"
        },
        "api": {
          "name": "shared_commondataserviceforapps"
        }
      },
      "shared_uiflow": {
        "runtimeSource": "embedded",
        "connection": {
          "connectionReferenceLogicalName": "mrok_shareduiflow_96ff9"
        },
        "api": {
          "name": "shared_uiflow"
        }
      }
    },
    "definition": {
      "$schema": "https://schema.management.azure.com/providers/Microsoft.Logic/schemas/2016-06-01/workflowdefinition.json#",
      "contentVersion": "1.0.0.0",
      "parameters": {
        "$connections": {
          "defaultValue": {},
          "type": "Object"
        },
        "$authentication": {
          "defaultValue": {},
          "type": "SecureObject"
        }
      },
      "triggers": {
        "When_a_Work_Item_is_added_or_modified,_scheduled_for_execution": {
          "metadata": {
            "operationMetadataId": "30467588-933c-473a-8371-a19f9cb77b4a"
          },
          "type": "OpenApiConnectionWebhook",
          "inputs": {
            "host": {
              "connectionName": "shared_commondataserviceforapps",
              "operationId": "SubscribeWebhookTrigger",
              "apiId": "/providers/Microsoft.PowerApps/apis/shared_commondataserviceforapps"
            },
            "parameters": {
              "subscriptionRequest/message": 4,
              "subscriptionRequest/entityname": "rpakit_workitem",
              "subscriptionRequest/scope": 4,
              "subscriptionRequest/filteringattributes": "rpakit_executionstatus",
              "subscriptionRequest/filterexpression": "rpakit_type eq 452330000 and rpakit_executionstatus eq 343970001"
            },
            "authentication": "@parameters('$authentication')"
          }
        }
      },
      "actions": {
        "Add_a_new_Work_Item_History": {
          "runAfter": {},
          "metadata": {
            "operationMetadataId": "e4f3857e-f164-4a71-9c2b-5152def05129"
          },
          "type": "OpenApiConnection",
          "inputs": {
            "host": {
              "connectionName": "shared_commondataserviceforapps",
              "operationId": "CreateRecord",
              "apiId": "/providers/Microsoft.PowerApps/apis/shared_commondataserviceforapps"
            },
            "parameters": {
              "entityName": "rpakit_workitemhistories",
              "item/statecode": 0,
              "item/statuscode": 343970001,
              "item/rpakit_WorkItem@odata.bind": "rpakit_workitems(@{triggerOutputs()?['body/rpakit_workitemid']})"
            },
            "authentication": "@parameters('$authentication')"
          }
        },
        "Run_a_flow_-_Retrieve_ZIP_Code_Data": {
          "runAfter": {
            "Add_a_new_Work_Item_History": [
              "Succeeded"
            ]
          },
          "metadata": {
            "operationMetadataId": "e3487139-164e-4911-ac21-d110ba1c4611"
          },
          "type": "OpenApiConnection",
          "inputs": {
            "host": {
              "connectionName": "shared_uiflow",
              "operationId": "RunUIFlow_V2",
              "apiId": "/providers/Microsoft.PowerApps/apis/shared_uiflow"
            },
            "parameters": {
              "uiFlowId": "81537205-f337-4305-afaa-5c9216ce83be",
              "runMode": "unattended",
              "item/Payload": "@triggerOutputs()?['body/rpakit_payload']"
            },
            "authentication": "@parameters('$authentication')"
          }
        },
        "Retrieve_flow_run_information": {
          "runAfter": {
            "Run_a_flow_-_Retrieve_ZIP_Code_Data": [
              "Succeeded",
              "Failed",
              "TimedOut"
            ]
          },
          "metadata": {
            "operationMetadataId": "0e8f4d69-a041-4150-b52a-8994059d39dd"
          },
          "type": "Workflow",
          "inputs": {
            "host": {
              "workflowReferenceName": "14a6703a-cc98-ec11-b400-000d3adce6b6"
            },
            "body": {
              "text": "@outputs('Run_a_flow_-_Retrieve_ZIP_Code_Data')?['headers/x-ms-run-id']"
            }
          }
        },
        "Is_status_code_200": {
          "actions": {
            "Update_Work_Item_History_-_success": {
              "runAfter": {},
              "metadata": {
                "operationMetadataId": "fd29212b-502a-45f4-a028-872267abc9ac"
              },
              "type": "OpenApiConnection",
              "inputs": {
                "host": {
                  "connectionName": "shared_commondataserviceforapps",
                  "operationId": "UpdateRecord",
                  "apiId": "/providers/Microsoft.PowerApps/apis/shared_commondataserviceforapps"
                },
                "parameters": {
                  "entityName": "rpakit_workitemhistories",
                  "recordId": "@outputs('Add_a_new_Work_Item_History')?['body/rpakit_workitemhistoryid']",
                  "item/rpakit_completedon": "@body('Retrieve_flow_run_information')?['completed_on']",
                  "item/rpakit_duration": "@body('Retrieve_flow_run_information')?['duration']",
                  "item/rpakit_machine": "@body('Retrieve_flow_run_information')?['machine']",
                  "item/rpakit_result": "@{outputs('Run_a_flow_-_Retrieve_ZIP_Code_Data')?['statusCode']} OK",
                  "item/rpakit_startedon": "@body('Retrieve_flow_run_information')?['started_on']",
                  "item/statecode": 0,
                  "item/statuscode": 1
                },
                "authentication": "@parameters('$authentication')"
              }
            },
            "Update_Work_Item_-_success": {
              "runAfter": {
                "Update_Work_Item_History_-_success": [
                  "Succeeded"
                ]
              },
              "metadata": {
                "operationMetadataId": "291e1570-3cc3-43c9-887f-7fcfab581192"
              },
              "type": "OpenApiConnection",
              "inputs": {
                "host": {
                  "connectionName": "shared_commondataserviceforapps",
                  "operationId": "UpdateRecord",
                  "apiId": "/providers/Microsoft.PowerApps/apis/shared_commondataserviceforapps"
                },
                "parameters": {
                  "entityName": "rpakit_workitems",
                  "recordId": "@triggerOutputs()?['body/rpakit_workitemid']",
                  "item/rpakit_executionstatus": 343970002,
                  "item/rpakit_runattempts": "@add(1,triggerOutputs()?['body/rpakit_runattempts'])",
                  "item/rpakit_completedon": "@utcNow()",
                  "item/rpakit_mostrecentstatus": "@{outputs('Run_a_flow_-_Retrieve_ZIP_Code_Data')?['statusCode']} OK",
                  "item/rpakit_payloadoutput": "@outputs('Run_a_flow_-_Retrieve_ZIP_Code_Data')?['body/PayloadOutput']"
                },
                "authentication": "@parameters('$authentication')"
              }
            }
          },
          "runAfter": {
            "Retrieve_flow_run_information": [
              "Succeeded",
              "Failed",
              "Skipped"
            ]
          },
          "else": {
            "actions": {
              "Update_Work_Item_History_-_error": {
                "runAfter": {},
                "metadata": {
                  "operationMetadataId": "6df73160-677e-4201-bf5d-fa4f78796e93"
                },
                "type": "OpenApiConnection",
                "inputs": {
                  "host": {
                    "connectionName": "shared_commondataserviceforapps",
                    "operationId": "UpdateRecord",
                    "apiId": "/providers/Microsoft.PowerApps/apis/shared_commondataserviceforapps"
                  },
                  "parameters": {
                    "entityName": "rpakit_workitemhistories",
                    "recordId": "@outputs('Add_a_new_Work_Item_History')?['body/rpakit_workitemhistoryid']",
                    "item/rpakit_completedon": "@body('Retrieve_flow_run_information')?['completed_on']",
                    "item/rpakit_duration": "@body('Retrieve_flow_run_information')?['duration']",
                    "item/rpakit_machine": "@body('Retrieve_flow_run_information')?['machine']",
                    "item/rpakit_result": "@{outputs('Run_a_flow_-_Retrieve_ZIP_Code_Data')?['statusCode']} @{outputs('Run_a_flow_-_Retrieve_ZIP_Code_Data')?['body/error/message']}",
                    "item/rpakit_startedon": "@body('Retrieve_flow_run_information')?['started_on']",
                    "item/statecode": 0,
                    "item/statuscode": 343970000
                  },
                  "authentication": "@parameters('$authentication')"
                }
              },
              "Update_Work_Item_-_error": {
                "runAfter": {
                  "Update_Work_Item_History_-_error": [
                    "Succeeded"
                  ]
                },
                "metadata": {
                  "operationMetadataId": "103a232b-4132-4022-a050-82b93b3e2e9e"
                },
                "type": "OpenApiConnection",
                "inputs": {
                  "host": {
                    "connectionName": "shared_commondataserviceforapps",
                    "operationId": "UpdateRecord",
                    "apiId": "/providers/Microsoft.PowerApps/apis/shared_commondataserviceforapps"
                  },
                  "parameters": {
                    "entityName": "rpakit_workitems",
                    "recordId": "@triggerOutputs()?['body/rpakit_workitemid']",
                    "item/rpakit_executionstatus": 343970003,
                    "item/rpakit_runattempts": "@add(1, triggerOutputs()?['body/rpakit_runattempts'])",
                    "item/rpakit_completedon": "@utcNow()",
                    "item/rpakit_mostrecentstatus": "@{outputs('Run_a_flow_-_Retrieve_ZIP_Code_Data')?['statusCode']} @{outputs('Run_a_flow_-_Retrieve_ZIP_Code_Data')?['body/error/message']}"
                  },
                  "authentication": "@parameters('$authentication')"
                }
              }
            }
          },
          "expression": {
            "equals": [
              "@outputs('Run_a_flow_-_Retrieve_ZIP_Code_Data')?['statusCode']",
              200
            ]
          },
          "metadata": {
            "operationMetadataId": "4f4a59b7-74a7-4771-ae92-b58e59232848"
          },
          "type": "If"
        }
      },
      "outputs": {}
    }
  },
  "schemaVersion": "1.0.0.0"
}