<appaction uniquename="rpakit_RunAllTests!25092c5e1dca4d85b19080f920f82438!rpakit_OrchestrationCenter!rpakit_rpamodule!0">
  <appmoduleid>
    <uniquename>rpakit_OrchestrationCenter</uniquename>
  </appmoduleid>
  <buttonlabeltext default="Run All Tests">
    <label description="Run All Tests" languagecode="1033" />
  </buttonlabeltext>
  <buttonsequencepriority>37.5000000000</buttonsequencepriority>
  <context>1</context>
  <contextentity>
    <logicalname>rpakit_rpamodule</logicalname>
  </contextentity>
  <contextvalue>rpakit_rpamodule</contextvalue>
  <fonticon>Bot</fonticon>
  <hidden>0</hidden>
  <iscustomizable>1</iscustomizable>
  <location>0</location>
  <name>RunAllTests!25092c5e1dca4d85b19080f920f82438</name>
  <onclickeventformulacomponentlibrary>6f48e188-1461-4cb3-a3be-db762c341cab</onclickeventformulacomponentlibrary>
  <onclickeventformulacomponentlibraryid>
    <name>rpakit_orchestrationcenterdefaultcommandlibrary_d920b</name>
  </onclickeventformulacomponentlibraryid>
  <onclickeventformulacomponentname>8bac74f045f847f1b373dfb019ee1956</onclickeventformulacomponentname>
  <onclickeventformulafunctionname>OnSelect</onclickeventformulafunctionname>
  <onclickeventtype>1</onclickeventtype>
  <statecode>0</statecode>
  <statuscode>1</statuscode>
  <type>0</type>
</appaction>