<ImportExportXml xmlns:xsi="http://www.w3.org/2001/XMLSchema-instance">
  <Entities></Entities>
  <Roles></Roles>
  <Workflows>
    <Workflow WorkflowId="{4a168345-4ab7-ec11-983e-000d3ab0d6f1}" Name="Retry policy implementation - TEMPORARY after 5 mins">
      <JsonFileName>/Workflows/Retrypolicyimplementation-TEMPORARYafter5mins-4A168345-4AB7-EC11-983E-000D3AB0D6F1.json</JsonFileName>
      <Type>1</Type>
      <Subprocess>0</Subprocess>
      <Category>5</Category>
      <Mode>0</Mode>
      <Scope>4</Scope>
      <OnDemand>0</OnDemand>
      <TriggerOnCreate>0</TriggerOnCreate>
      <TriggerOnDelete>0</TriggerOnDelete>
      <AsyncAutodelete>0</AsyncAutodelete>
      <SyncWorkflowLogOnFailure>0</SyncWorkflowLogOnFailure>
      <StateCode>1</StateCode>
      <StatusCode>2</StatusCode>
      <RunAs>1</RunAs>
      <IsTransacted>1</IsTransacted>
      <IntroducedVersion>1.0.0.1</IntroducedVersion>
      <IsCustomizable>1</IsCustomizable>
      <BusinessProcessType>0</BusinessProcessType>
      <IsCustomProcessingStepAllowedForOtherPublishers>1</IsCustomProcessingStepAllowedForOtherPublishers>
      <PrimaryEntity>none</PrimaryEntity>
      <LocalizedNames>
        <LocalizedName languagecode="1033" description="Retry policy implementation - TEMPORARY after 5 mins" />
      </LocalizedNames>
    </Workflow>
    <Workflow WorkflowId="{752f3011-29b7-ec11-983e-000d3ab1d048}" Name="Retry policy implementation - LOW after 24 hrs">
      <JsonFileName>/Workflows/Retrypolicyimplementation-LOWafter24hrs-752F3011-29B7-EC11-983E-000D3AB1D048.json</JsonFileName>
      <Type>1</Type>
      <Subprocess>0</Subprocess>
      <Category>5</Category>
      <Mode>0</Mode>
      <Scope>4</Scope>
      <OnDemand>0</OnDemand>
      <TriggerOnCreate>0</TriggerOnCreate>
      <TriggerOnDelete>0</TriggerOnDelete>
      <AsyncAutodelete>0</AsyncAutodelete>
      <SyncWorkflowLogOnFailure>0</SyncWorkflowLogOnFailure>
      <StateCode>1</StateCode>
      <StatusCode>2</StatusCode>
      <RunAs>1</RunAs>
      <IsTransacted>1</IsTransacted>
      <IntroducedVersion>1.0.0.0</IntroducedVersion>
      <IsCustomizable>1</IsCustomizable>
      <IsCustomProcessingStepAllowedForOtherPublishers>1</IsCustomProcessingStepAllowedForOtherPublishers>
      <PrimaryEntity>none</PrimaryEntity>
      <LocalizedNames>
        <LocalizedName languagecode="1033" description="Retry policy implementation - LOW after 24 hrs" />
      </LocalizedNames>
    </Workflow>
  </Workflows>
  <FieldSecurityProfiles></FieldSecurityProfiles>
  <Templates />
  <EntityMaps />
  <EntityRelationships />
  <OrganizationSettings />
  <optionsets>
    <optionset Name="rpakit_executionstatus" localizedName="Execution Status">
      <OptionSetType>picklist</OptionSetType>
      <IsGlobal>1</IsGlobal>
      <IntroducedVersion>1.0.0.0</IntroducedVersion>
      <displaynames>
        <displayname description="Execution Status" languagecode="1033" />
      </displaynames>
      <Descriptions>
        <Description description="" languagecode="1033" />
      </Descriptions>
      <options>
        <option value="452330000">
          <labels>
            <label description="Waiting to restart" languagecode="1033" />
          </labels>
        </option>
        <option value="343970005">
          <labels>
            <label description="Waiting to restart" languagecode="1033" />
          </labels>
        </option>
        <option value="343970000" ExternalValue="">
          <labels>
            <label description="Added" languagecode="1033" />
          </labels>
        </option>
        <option value="343970001" ExternalValue="">
          <labels>
            <label description="Queued for execution" languagecode="1033" />
          </labels>
        </option>
        <option value="343970002" ExternalValue="">
          <labels>
            <label description="Completed" languagecode="1033" />
          </labels>
        </option>
        <option value="343970003" ExternalValue="">
          <labels>
            <label description="Failed" languagecode="1033" />
          </labels>
        </option>
        <option value="343970004" ExternalValue="">
          <labels>
            <label description="Dropped" languagecode="1033" />
          </labels>
        </option>
      </options>
    </optionset>
    <optionset Name="rpakit_tags" localizedName="Tags" unmodified="1"></optionset>
  </optionsets>
  <CustomControls />
  <EntityDataProviders />
  <Languages>
    <Language>1033</Language>
  </Languages>
</ImportExportXml>