<ImportExportXml version="9.2.22043.148" SolutionPackageVersion="9.2" languagecode="1033" generatedBy="CrmLive" xmlns:xsi="http://www.w3.org/2001/XMLSchema-instance">
  <SolutionManifest>
    <UniqueName>CustomRetryPolicies</UniqueName>
    <LocalizedNames>
      <LocalizedName description="Custom Retry Policies" languagecode="1033" />
    </LocalizedNames>
    <Descriptions />
    <Version>1.0.0.2</Version>
    <Managed>0</Managed>
    <Publisher>
      <UniqueName>Michal_Rok</UniqueName>
      <LocalizedNames>
        <LocalizedName description="Michal_Rok" languagecode="1033" />
      </LocalizedNames>
      <Descriptions />
      <EMailAddress xsi:nil="true"></EMailAddress>
      <SupportingWebsiteUrl xsi:nil="true"></SupportingWebsiteUrl>
      <CustomizationPrefix>mrok</CustomizationPrefix>
      <CustomizationOptionValuePrefix>45233</CustomizationOptionValuePrefix>
      <Addresses>
        <Address>
          <AddressNumber>1</AddressNumber>
          <AddressTypeCode>1</AddressTypeCode>
          <City xsi:nil="true"></City>
          <County xsi:nil="true"></County>
          <Country xsi:nil="true"></Country>
          <Fax xsi:nil="true"></Fax>
          <FreightTermsCode xsi:nil="true"></FreightTermsCode>
          <ImportSequenceNumber xsi:nil="true"></ImportSequenceNumber>
          <Latitude xsi:nil="true"></Latitude>
          <Line1 xsi:nil="true"></Line1>
          <Line2 xsi:nil="true"></Line2>
          <Line3 xsi:nil="true"></Line3>
          <Longitude xsi:nil="true"></Longitude>
          <Name xsi:nil="true"></Name>
          <PostalCode xsi:nil="true"></PostalCode>
          <PostOfficeBox xsi:nil="true"></PostOfficeBox>
          <PrimaryContactName xsi:nil="true"></PrimaryContactName>
          <ShippingMethodCode>1</ShippingMethodCode>
          <StateOrProvince xsi:nil="true"></StateOrProvince>
          <Telephone1 xsi:nil="true"></Telephone1>
          <Telephone2 xsi:nil="true"></Telephone2>
          <Telephone3 xsi:nil="true"></Telephone3>
          <TimeZoneRuleVersionNumber xsi:nil="true"></TimeZoneRuleVersionNumber>
          <UPSZone xsi:nil="true"></UPSZone>
          <UTCOffset xsi:nil="true"></UTCOffset>
          <UTCConversionTimeZoneCode xsi:nil="true"></UTCConversionTimeZoneCode>
        </Address>
        <Address>
          <AddressNumber>2</AddressNumber>
          <AddressTypeCode>1</AddressTypeCode>
          <City xsi:nil="true"></City>
          <County xsi:nil="true"></County>
          <Country xsi:nil="true"></Country>
          <Fax xsi:nil="true"></Fax>
          <FreightTermsCode xsi:nil="true"></FreightTermsCode>
          <ImportSequenceNumber xsi:nil="true"></ImportSequenceNumber>
          <Latitude xsi:nil="true"></Latitude>
          <Line1 xsi:nil="true"></Line1>
          <Line2 xsi:nil="true"></Line2>
          <Line3 xsi:nil="true"></Line3>
          <Longitude xsi:nil="true"></Longitude>
          <Name xsi:nil="true"></Name>
          <PostalCode xsi:nil="true"></PostalCode>
          <PostOfficeBox xsi:nil="true"></PostOfficeBox>
          <PrimaryContactName xsi:nil="true"></PrimaryContactName>
          <ShippingMethodCode>1</ShippingMethodCode>
          <StateOrProvince xsi:nil="true"></StateOrProvince>
          <Telephone1 xsi:nil="true"></Telephone1>
          <Telephone2 xsi:nil="true"></Telephone2>
          <Telephone3 xsi:nil="true"></Telephone3>
          <TimeZoneRuleVersionNumber xsi:nil="true"></TimeZoneRuleVersionNumber>
          <UPSZone xsi:nil="true"></UPSZone>
          <UTCOffset xsi:nil="true"></UTCOffset>
          <UTCConversionTimeZoneCode xsi:nil="true"></UTCConversionTimeZoneCode>
        </Address>
      </Addresses>
    </Publisher>
    <RootComponents>
      <RootComponent type="9" schemaName="rpakit_executionstatus" behavior="0" />
      <RootComponent type="9" schemaName="rpakit_tags" behavior="0" />
      <RootComponent type="29" id="{4a168345-4ab7-ec11-983e-000d3ab0d6f1}" behavior="0" />
      <RootComponent type="29" id="{752f3011-29b7-ec11-983e-000d3ab1d048}" behavior="0" />
    </RootComponents>
    <MissingDependencies>
      <MissingDependency>
        <Required type="1" schemaName="rpakit_workitem" displayName="Work Item" solution="OrchestrationCenter (1.0.0.34)" />
        <Dependent type="29" displayName="Retry policy implementation - TEMPORARY after 5 mins" id="{4a168345-4ab7-ec11-983e-000d3ab0d6f1}" />
      </MissingDependency>
      <MissingDependency>
        <Required type="1" schemaName="rpakit_workitem" displayName="Work Item" solution="OrchestrationCenter (1.0.0.34)" />
        <Dependent type="29" displayName="Retry policy implementation - LOW after 24 hrs" id="{752f3011-29b7-ec11-983e-000d3ab1d048}" />
      </MissingDependency>
      <MissingDependency>
        <Required type="2" schemaName="rpakit_tagsassignedtimestamp" displayName="Tags Assigned Timestamp" parentSchemaName="rpakit_workitem" parentDisplayName="Work Item" solution="OrchestrationCenter (1.0.0.34)" />
        <Dependent type="29" displayName="Retry policy implementation - TEMPORARY after 5 mins" id="{4a168345-4ab7-ec11-983e-000d3ab0d6f1}" />
      </MissingDependency>
      <MissingDependency>
        <Required type="2" schemaName="rpakit_tagsassignedtimestamp" displayName="Tags Assigned Timestamp" parentSchemaName="rpakit_workitem" parentDisplayName="Work Item" solution="OrchestrationCenter (1.0.0.34)" />
        <Dependent type="29" displayName="Retry policy implementation - LOW after 24 hrs" id="{752f3011-29b7-ec11-983e-000d3ab1d048}" />
      </MissingDependency>
      <MissingDependency>
        <Required type="9" schemaName="rpakit_executionstatus" displayName="Execution Status" solution="OrchestrationCenter (1.0.0.34)" />
        <Dependent type="9" schemaName="rpakit_executionstatus" displayName="Execution Status" />
      </MissingDependency>
      <MissingDependency>
        <Required type="9" schemaName="rpakit_tags" displayName="Tags" solution="OrchestrationCenter (1.0.0.34)" />
        <Dependent type="9" schemaName="rpakit_tags" displayName="Tags" />
      </MissingDependency>
      <MissingDependency>
        <Required type="connectionreference" displayName="mrok_Dataverse" solution="EPAExample (0.0.1.23)" id.connectionreferencelogicalname="mrok_Dataverse" />
        <Dependent type="29" displayName="Retry policy implementation - LOW after 24 hrs" id="{752f3011-29b7-ec11-983e-000d3ab1d048}" />
      </MissingDependency>
      <MissingDependency>
        <Required type="connectionreference" displayName="rpakit_sharedcommondataserviceforapps_947e5" solution="OrchestrationCenter (1.0.0.34)" id.connectionreferencelogicalname="rpakit_sharedcommondataserviceforapps_947e5" />
        <Dependent type="29" displayName="Retry policy implementation - TEMPORARY after 5 mins" id="{4a168345-4ab7-ec11-983e-000d3ab0d6f1}" />
      </MissingDependency>
      <MissingDependency>
        <Required type="connectionreference" displayName="rpakit_sharedcommondataserviceforapps_947e5" solution="OrchestrationCenter (1.0.0.34)" id.connectionreferencelogicalname="rpakit_sharedcommondataserviceforapps_947e5" />
        <Dependent type="29" displayName="Retry policy implementation - LOW after 24 hrs" id="{752f3011-29b7-ec11-983e-000d3ab1d048}" />
      </MissingDependency>
    </MissingDependencies>
  </SolutionManifest>
</ImportExportXml>