<ImportExportXml version="9.2.22015.128" SolutionPackageVersion="9.2" languagecode="1033" generatedBy="CrmLive" xmlns:xsi="http://www.w3.org/2001/XMLSchema-instance">
  <SolutionManifest>
    <UniqueName>SampleIntegration</UniqueName>
    <LocalizedNames>
      <LocalizedName description="Sample Integration" languagecode="1033" />
    </LocalizedNames>
    <Descriptions />
    <Version>1.1.0.6</Version>
    <Managed>0</Managed>
    <Publisher>
      <UniqueName>RPAkit</UniqueName>
      <LocalizedNames>
        <LocalizedName description="RPAkit" languagecode="1033" />
      </LocalizedNames>
      <Descriptions />
      <EMailAddress xsi:nil="true"></EMailAddress>
      <SupportingWebsiteUrl xsi:nil="true"></SupportingWebsiteUrl>
      <CustomizationPrefix>rpakit</CustomizationPrefix>
      <CustomizationOptionValuePrefix>34397</CustomizationOptionValuePrefix>
      <Addresses>
        <Address>
          <AddressNumber>1</AddressNumber>
          <AddressTypeCode>1</AddressTypeCode>
          <City xsi:nil="true"></City>
          <County xsi:nil="true"></County>
          <Country xsi:nil="true"></Country>
          <Fax xsi:nil="true"></Fax>
          <FreightTermsCode xsi:nil="true"></FreightTermsCode>
          <ImportSequenceNumber xsi:nil="true"></ImportSequenceNumber>
          <Latitude xsi:nil="true"></Latitude>
          <Line1 xsi:nil="true"></Line1>
          <Line2 xsi:nil="true"></Line2>
          <Line3 xsi:nil="true"></Line3>
          <Longitude xsi:nil="true"></Longitude>
          <Name xsi:nil="true"></Name>
          <PostalCode xsi:nil="true"></PostalCode>
          <PostOfficeBox xsi:nil="true"></PostOfficeBox>
          <PrimaryContactName xsi:nil="true"></PrimaryContactName>
          <ShippingMethodCode>1</ShippingMethodCode>
          <StateOrProvince xsi:nil="true"></StateOrProvince>
          <Telephone1 xsi:nil="true"></Telephone1>
          <Telephone2 xsi:nil="true"></Telephone2>
          <Telephone3 xsi:nil="true"></Telephone3>
          <TimeZoneRuleVersionNumber xsi:nil="true"></TimeZoneRuleVersionNumber>
          <UPSZone xsi:nil="true"></UPSZone>
          <UTCOffset xsi:nil="true"></UTCOffset>
          <UTCConversionTimeZoneCode xsi:nil="true"></UTCConversionTimeZoneCode>
        </Address>
        <Address>
          <AddressNumber>2</AddressNumber>
          <AddressTypeCode>1</AddressTypeCode>
          <City xsi:nil="true"></City>
          <County xsi:nil="true"></County>
          <Country xsi:nil="true"></Country>
          <Fax xsi:nil="true"></Fax>
          <FreightTermsCode xsi:nil="true"></FreightTermsCode>
          <ImportSequenceNumber xsi:nil="true"></ImportSequenceNumber>
          <Latitude xsi:nil="true"></Latitude>
          <Line1 xsi:nil="true"></Line1>
          <Line2 xsi:nil="true"></Line2>
          <Line3 xsi:nil="true"></Line3>
          <Longitude xsi:nil="true"></Longitude>
          <Name xsi:nil="true"></Name>
          <PostalCode xsi:nil="true"></PostalCode>
          <PostOfficeBox xsi:nil="true"></PostOfficeBox>
          <PrimaryContactName xsi:nil="true"></PrimaryContactName>
          <ShippingMethodCode>1</ShippingMethodCode>
          <StateOrProvince xsi:nil="true"></StateOrProvince>
          <Telephone1 xsi:nil="true"></Telephone1>
          <Telephone2 xsi:nil="true"></Telephone2>
          <Telephone3 xsi:nil="true"></Telephone3>
          <TimeZoneRuleVersionNumber xsi:nil="true"></TimeZoneRuleVersionNumber>
          <UPSZone xsi:nil="true"></UPSZone>
          <UTCOffset xsi:nil="true"></UTCOffset>
          <UTCConversionTimeZoneCode xsi:nil="true"></UTCConversionTimeZoneCode>
        </Address>
      </Addresses>
    </Publisher>
    <RootComponents>
      <RootComponent type="29" id="{178ef17c-263e-4dff-a5c1-bf4bcc46c552}" behavior="0" />
      <RootComponent type="29" id="{398edc10-c598-ec11-b400-000d3adce6b6}" behavior="0" />
      <RootComponent type="29" id="{3c9766cd-35f6-487f-b6a2-5e3a0c84685f}" behavior="0" />
      <RootComponent type="29" id="{464835f7-6099-ec11-b400-000d3adce6b6}" behavior="0" />
      <RootComponent type="29" id="{a450dbe3-5999-ec11-b400-000d3adce6b6}" behavior="0" />
      <RootComponent type="29" id="{efbdd19a-1fc8-4d87-a5b5-6fccc261b20f}" behavior="0" />
      <RootComponent type="29" id="{ff913c7d-3a3a-460f-8796-89115cbff72b}" behavior="0" />
    </RootComponents>
    <MissingDependencies>
      <MissingDependency>
        <Required type="1" schemaName="rpakit_rpamodule" displayName="RPA Module" solution="Active" />
        <Dependent type="29" displayName="[SAMPLE] Run test cases (child)" id="{398edc10-c598-ec11-b400-000d3adce6b6}" />
      </MissingDependency>
      <MissingDependency>
        <Required type="1" schemaName="rpakit_rpamodule" displayName="RPA Module" solution="Active" />
        <Dependent type="29" displayName="[SAMPLE] Ad-hoc test case run" id="{a450dbe3-5999-ec11-b400-000d3adce6b6}" />
      </MissingDependency>
      <MissingDependency>
        <Required type="1" schemaName="rpakit_testrunhistory" displayName="Test Run History" solution="Active" />
        <Dependent type="29" displayName="[SAMPLE] Run test cases (child)" id="{398edc10-c598-ec11-b400-000d3adce6b6}" />
      </MissingDependency>
      <MissingDependency>
        <Required type="2" schemaName="rpakit_runtestnow" displayName="Run test now" parentSchemaName="rpakit_rpamodule" parentDisplayName="RPA Module" solution="Active" />
        <Dependent type="29" displayName="[SAMPLE] Ad-hoc test case run" id="{a450dbe3-5999-ec11-b400-000d3adce6b6}" />
      </MissingDependency>
      <MissingDependency>
        <Required type="connectionreference" displayName="rpakit_sharedcommondataserviceforapps_947e5" solution="Active" id.connectionreferencelogicalname="rpakit_sharedcommondataserviceforapps_947e5" />
        <Dependent type="29" displayName="[SAMPLE] Run test cases (child)" id="{398edc10-c598-ec11-b400-000d3adce6b6}" />
      </MissingDependency>
      <MissingDependency>
        <Required type="connectionreference" displayName="rpakit_sharedcommondataserviceforapps_947e5" solution="Active" id.connectionreferencelogicalname="rpakit_sharedcommondataserviceforapps_947e5" />
        <Dependent type="29" displayName="[SAMPLE] Ad-hoc test case run" id="{a450dbe3-5999-ec11-b400-000d3adce6b6}" />
      </MissingDependency>
    </MissingDependencies>
  </SolutionManifest>
</ImportExportXml>