{"properties":{"connectionReferences":{},"definition":{"$schema":"https://schema.management.azure.com/providers/Microsoft.Logic/schemas/2016-06-01/workflowdefinition.json#","contentVersion":"1.0.0.0","parameters":{"$authentication":{"defaultValue":{},"type":"SecureObject"}},"triggers":{"Recurrence":{"recurrence":{"frequency":"Hour","interval":1},"metadata":{"operationMetadataId":"95d165dc-fcdd-4ed4-a350-55b6a2e092f1"},"type":"Recurrence"}},"actions":{"Run_a_Child_Flow":{"runAfter":{},"metadata":{"operationMetadataId":"8983b6f4-74da-477c-9ae7-c6352bfcb652"},"type":"Workflow","inputs":{"host":{"workflowReferenceName":"76a04bad-4a99-ec11-b400-000d3abf3b6c"},"body":{"boolean":true}}}},"outputs":{}}},"schemaVersion":"1.0.0.0"}