{"properties":{"connectionReferences":{"shared_commondataserviceforapps":{"runtimeSource":"embedded","connection":{"connectionReferenceLogicalName":"rpakit_sharedcommondataserviceforapps_947e5"},"api":{"name":"shared_commondataserviceforapps"}}},"definition":{"$schema":"https://schema.management.azure.com/providers/Microsoft.Logic/schemas/2016-06-01/workflowdefinition.json#","contentVersion":"1.0.0.0","parameters":{"$connections":{"defaultValue":{},"type":"Object"},"$authentication":{"defaultValue":{},"type":"SecureObject"}},"triggers":{"When_a_row_is_added,_modified_or_deleted":{"metadata":{"operationMetadataId":"2b8c3d3c-37bb-49f6-b6f7-f0bb2d9179df"},"type":"OpenApiConnectionWebhook","inputs":{"host":{"connectionName":"shared_commondataserviceforapps","operationId":"SubscribeWebhookTrigger","apiId":"/providers/Microsoft.PowerApps/apis/shared_commondataserviceforapps"},"parameters":{"subscriptionRequest/message":3,"subscriptionRequest/entityname":"rpakit_workitemhistory","subscriptionRequest/scope":4,"subscriptionRequest/filteringattributes":"statuscode","subscriptionRequest/filterexpression":"statuscode eq 343970000 and statecode eq 0"},"authentication":"@parameters('$authentication')"}}},"actions":{"List_rows":{"runAfter":{"Get_a_row_by_ID":["Succeeded"]},"metadata":{"operationMetadataId":"f0e14809-0e0b-438f-96d1-be9b43a59bdd"},"type":"OpenApiConnection","inputs":{"host":{"connectionName":"shared_commondataserviceforapps","operationId":"ListRecords","apiId":"/providers/Microsoft.PowerApps/apis/shared_commondataserviceforapps"},"parameters":{"entityName":"rpakit_tagrules","$filter":"rpakit_typefilter eq @{outputs('Get_a_row_by_ID')?['body/rpakit_type']} or rpakit_typefilter eq null"},"authentication":"@parameters('$authentication')"}},"Get_a_row_by_ID":{"runAfter":{},"metadata":{"operationMetadataId":"b001e52f-3780-4199-b33b-c3d843be0af0"},"type":"OpenApiConnection","inputs":{"host":{"connectionName":"shared_commondataserviceforapps","operationId":"GetItem","apiId":"/providers/Microsoft.PowerApps/apis/shared_commondataserviceforapps"},"parameters":{"entityName":"rpakit_workitems","recordId":"@triggerOutputs()?['body/_rpakit_workitem_value']"},"authentication":"@parameters('$authentication')"}},"Apply_to_each":{"foreach":"@outputs('List_rows')?['body/value']","actions":{"Compose":{"runAfter":{},"metadata":{"operationMetadataId":"eec0630d-c343-46a3-a962-7a5a8b7170b9"},"type":"Compose","inputs":"@triggerOutputs()?['body/rpakit_result']"},"Compose_2":{"runAfter":{"Compose":["Succeeded"]},"metadata":{"operationMetadataId":"1c834016-bd3e-4079-8f20-81fba0672978"},"type":"Compose","inputs":"@items('Apply_to_each')?['rpakit_flowresult']"},"Condition":{"actions":{"Update_a_row":{"runAfter":{},"metadata":{"operationMetadataId":"ccc6593b-a947-444e-8b41-74a90e5b1ceb"},"type":"OpenApiConnection","inputs":{"host":{"connectionName":"shared_commondataserviceforapps","operationId":"UpdateRecord","apiId":"/providers/Microsoft.PowerApps/apis/shared_commondataserviceforapps"},"parameters":{"entityName":"rpakit_workitems","recordId":"@outputs('Get_a_row_by_ID')?['body/rpakit_workitemid']","item/rpakit_tags":"@{if(empty(outputs('Get_a_row_by_ID')?['body/rpakit_tags']),'',concat(outputs('Get_a_row_by_ID')?['body/rpakit_tags'],','))}@{items('Apply_to_each')?['rpakit_tagstoset']}"},"authentication":"@parameters('$authentication')"}}},"runAfter":{"Compose_2":["Succeeded"]},"expression":{"or":[{"equals":["@triggerOutputs()?['body/rpakit_result']","@null"]},{"equals":["@items('Apply_to_each')?['rpakit_flowresult']","@null"]},{"contains":["@triggerOutputs()?['body/rpakit_result']","@items('Apply_to_each')?['rpakit_flowresult']"]}]},"metadata":{"operationMetadataId":"c5e1c9a1-dad9-4e9a-b2b6-cbce72b5525f"},"type":"If"}},"runAfter":{"List_rows":["Succeeded"]},"metadata":{"operationMetadataId":"fa963514-ad74-46ae-8874-b53946af8807"},"type":"Foreach"}},"outputs":{}}},"schemaVersion":"1.0.0.0"}