{"properties":{"connectionReferences":{"shared_commondataserviceforapps":{"runtimeSource":"embedded","connection":{"connectionReferenceLogicalName":"rpakit_sharedcommondataserviceforapps_947e5"},"api":{"name":"shared_commondataserviceforapps"}}},"definition":{"$schema":"https://schema.management.azure.com/providers/Microsoft.Logic/schemas/2016-06-01/workflowdefinition.json#","contentVersion":"1.0.0.0","parameters":{"$connections":{"defaultValue":{},"type":"Object"},"$authentication":{"defaultValue":{},"type":"SecureObject"}},"triggers":{"When_a_row_is_added,_modified_or_deleted":{"metadata":{"operationMetadataId":"b7a6b152-c95f-4b0a-a116-ad0066780628"},"type":"OpenApiConnectionWebhook","inputs":{"host":{"connectionName":"shared_commondataserviceforapps","operationId":"SubscribeWebhookTrigger","apiId":"/providers/Microsoft.PowerApps/apis/shared_commondataserviceforapps"},"parameters":{"subscriptionRequest/message":1,"subscriptionRequest/entityname":"rpakit_workitem","subscriptionRequest/scope":4,"subscriptionRequest/filterexpression":"rpakit_sladeadline eq null"},"authentication":"@parameters('$authentication')"}}},"actions":{"Update_a_row":{"runAfter":{},"metadata":{"operationMetadataId":"bda12ce1-8086-4734-adde-ddabbdb2dfc7"},"type":"OpenApiConnection","inputs":{"host":{"connectionName":"shared_commondataserviceforapps","operationId":"UpdateRecord","apiId":"/providers/Microsoft.PowerApps/apis/shared_commondataserviceforapps"},"parameters":{"entityName":"rpakit_workitems","recordId":"@triggerOutputs()?['body/rpakit_workitemid']","item/rpakit_sladeadline":"@addHours(triggerOutputs()?['body/createdon'],24)"},"authentication":"@parameters('$authentication')"}}},"outputs":{}}},"schemaVersion":"1.0.0.0"}