<environmentvariabledefinition schemaname="rpakit_Desktopflowsanalytics">
  <description default="get this report from https://flow.microsoft.com/en-us/blog/advanced-power-automate-rpa-run-log-analytics-with-power-bi-and-dataverse/">
    <label description="get this report from https://flow.microsoft.com/en-us/blog/advanced-power-automate-rpa-run-log-analytics-with-power-bi-and-dataverse/" languagecode="1033" />
  </description>
  <displayname default="Desktop flows analytics">
    <label description="Desktop flows analytics" languagecode="1033" />
  </displayname>
  <introducedversion>1.0.0.11</introducedversion>
  <iscustomizable>1</iscustomizable>
  <isrequired>0</isrequired>
  <secretstore>0</secretstore>
  <type>100000003</type>
</environmentvariabledefinition>