<ImportExportXml xmlns:xsi="http://www.w3.org/2001/XMLSchema-instance">
  <Entities></Entities>
  <Roles></Roles>
  <Workflows>
    <Workflow WorkflowId="{eebe904e-f0e8-4391-b58d-52ec35a773b0}" Name="[DEMO] Process Work Item">
      <JsonFileName>/Workflows/DEMOProcessWorkItem-EEBE904E-F0E8-4391-B58D-52EC35A773B0.json</JsonFileName>
      <Type>1</Type>
      <Subprocess>0</Subprocess>
      <Category>6</Category>
      <Mode>0</Mode>
      <Scope>4</Scope>
      <OnDemand>0</OnDemand>
      <TriggerOnCreate>0</TriggerOnCreate>
      <TriggerOnDelete>0</TriggerOnDelete>
      <AsyncAutodelete>0</AsyncAutodelete>
      <SyncWorkflowLogOnFailure>0</SyncWorkflowLogOnFailure>
      <StateCode>1</StateCode>
      <StatusCode>2</StatusCode>
      <RunAs>1</RunAs>
      <IsTransacted>1</IsTransacted>
      <IntroducedVersion>1.0</IntroducedVersion>
      <IsCustomizable>1</IsCustomizable>
      <UIFlowType>2</UIFlowType>
      <IsCustomProcessingStepAllowedForOtherPublishers>1</IsCustomProcessingStepAllowedForOtherPublishers>
      <Metadata>{"isvalid":true,"schemaVersion":"ROBIN_20211012","containsActiveConnections":false}</Metadata>
      <Inputs>{"schema":{"properties":{"Payload":{"default":"","description":"","format":null,"title":"Payload","type":"string","value":""}},"type":"object"}}</Inputs>
      <Outputs>{"schema":{"properties":{"PayloadOutput":{"default":"","description":"","format":null,"title":"PayloadOutput","type":"string","value":null}},"type":"object"}}</Outputs>
      <Dependencies>{"childFlows":[]}</Dependencies>
      <ConnectionReferences>[]</ConnectionReferences>
      <Definition>"@@ConnectionString: ''\r\n@@Type: 'Local'\r\n@@DesktopType: 'local'\r\n@@DisplayName: 'Local computer'\r\nIMPORT 'controlRepo.appmask' AS appmask\r\nIMPORT 'imageRepo.imgrepo' AS imgrepo\r\n@SENSITIVE: []\r\n@INPUT Payload : { 'Description': '', 'FriendlyName': 'Payload', 'DefaultValue': '', 'Type': 'String' } \r\n@OUTPUT PayloadOutput : { 'Description': '', 'FriendlyName': 'PayloadOutput', 'Type': 'String' } \r\nBLOCK \r\nON BLOCK ERROR all\r\n\r\nEND\r\n    Variables.ConvertJsonToCustomObject Json: Payload CustomObject=&gt; Parameters\r\nEND\r\n# --- put your own process here. The payload is available to work on in Parameters variable. You can put output data in PayloadOutput.\r\nCALL RunCalculator\r\nBLOCK close_Calculator\r\nON BLOCK ERROR\r\n    CALL CloseCalculator\r\n    THROW ERROR\r\nEND\r\n    Variables.GenerateRandomNumber.RandomNumber MinimumValue: 0 MaximumValue: 100 RandomNumber=&gt; RandomNumber\r\n    MouseAndKeyboard.SendKeys.FocusAndSendKeysByTitleClass Title: $'''Calculator''' Class: $'''''' TextToSend: $'''%RandomNumber%*10=''' DelayBetweenKeystrokes: 10 SendTextAsHardwareKeys: False\r\n    UIAutomation.GetElementDetails Element: appmask['Window \\'Calculator\\'']['Result window'] AttributeName: $'''Own Text''' AttributeValue=&gt; AttributeValue\r\n    DISABLE WAIT 100\r\nEND\r\nUIAutomation.CloseWindow.CloseByTitleClass Title: $'''Calculator''' Class: $''''''\r\nSET PayloadOutput TO $'''{\\'Random\\': %RandomNumber%, \\'Result\\': \\'%AttributeValue%\\', \\'AppProcessId\\': %AppProcessId%}'''\r\n# enable the following IF statement to test error handling in parent - 5% of runs will fail\r\nIF RandomNumber &lt;= 5 THEN\r\n    EXIT Code: 0 ErrorMessage: $'''The random number %RandomNumber% was too low'''\r\nEND\r\nFUNCTION RunCalculator GLOBAL\r\n    IF (File.IfFile.Exists File: $'''c:\\\\windows\\\\system32\\\\calc.exe''') THEN\r\n        System.RunApplication.RunApplication ApplicationPath: $'''c:\\\\windows\\\\system32\\\\calc.exe''' WindowStyle: System.ProcessWindowStyle.Normal ProcessId=&gt; AppProcessId\r\n    ELSE\r\n        System.RunApplication.RunApplicationAndWaitToLoad ApplicationPath: $'''c:\\\\windows\\\\system32\\\\win32calc.exe''' WindowStyle: System.ProcessWindowStyle.Normal Timeout: 0 ProcessId=&gt; AppProcessId WindowHandle=&gt; WindowHandle\r\n    END\r\nEND FUNCTION\r\nFUNCTION CloseCalculator GLOBAL\r\n    UIAutomation.CloseWindow.CloseByTitleClass Title: $'''Calculator''' Class: $''''''\r\n    ON ERROR\r\n\r\n    END\r\nEND FUNCTION\r\n"</Definition>
      <SchemaVersion>2022.06</SchemaVersion>
      <PrimaryEntity>none</PrimaryEntity>
      <LocalizedNames>
        <LocalizedName languagecode="1033" description="[DEMO] Process Work Item" />
      </LocalizedNames>
    </Workflow>
    <Workflow WorkflowId="{4353d158-6004-419a-b355-c3d856126dbd}" Name="[DEMO] Run Job Wrapper">
      <JsonFileName>/Workflows/DEMORunJobWrapper-4353D158-6004-419A-B355-C3D856126DBD.json</JsonFileName>
      <Type>1</Type>
      <Subprocess>0</Subprocess>
      <Category>6</Category>
      <Mode>0</Mode>
      <Scope>4</Scope>
      <OnDemand>0</OnDemand>
      <TriggerOnCreate>0</TriggerOnCreate>
      <TriggerOnDelete>0</TriggerOnDelete>
      <AsyncAutodelete>0</AsyncAutodelete>
      <SyncWorkflowLogOnFailure>0</SyncWorkflowLogOnFailure>
      <StateCode>1</StateCode>
      <StatusCode>2</StatusCode>
      <RunAs>1</RunAs>
      <IsTransacted>1</IsTransacted>
      <IntroducedVersion>1.0</IntroducedVersion>
      <IsCustomizable>1</IsCustomizable>
      <UIFlowType>2</UIFlowType>
      <IsCustomProcessingStepAllowedForOtherPublishers>1</IsCustomProcessingStepAllowedForOtherPublishers>
      <Metadata>{"isvalid":true,"schemaVersion":"ROBIN_20211012","containsActiveConnections":false}</Metadata>
      <Inputs>{"schema":{"properties":{"DataverseAccessObject":{"default":"","description":"","format":"password","title":"DataverseAccessObject","type":"string","value":null},"JobID":{"default":"","description":"","format":null,"title":"JobID","type":"string","value":"d5f82964-525c-ed11-9562-000d3a482345"},"MaxJobDurationMins":{"default":"","description":"","format":null,"title":"MaxJobDuration","type":"number","value":"10"}},"type":"object"}}</Inputs>
      <Outputs>{"schema":null}</Outputs>
      <Dependencies>{"childFlows":["eebe904e-f0e8-4391-b58d-52ec35a773b0"]}</Dependencies>
      <ConnectionReferences>[]</ConnectionReferences>
      <Definition>"@@ConnectionString: ''\r\n@@Type: 'Local'\r\n@@DesktopType: 'local'\r\n@@DisplayName: 'Computer'\r\nIMPORT 'controlRepo.appmask' AS appmask\r\nIMPORT 'imageRepo.imgrepo' AS imgrepo\r\n@SENSITIVE: [DataverseAccessObject]\r\n@INPUT DataverseAccessObject : { 'Description': '', 'FriendlyName': 'DataverseAccessObject', 'DefaultValue': '[\\'https://login.microsoftonline.com/bf5cf663-f186-471e-adf2-c7aaad3f3ffd/oauth2/v2.0/token\\', \\'a61844a1-2cad-4f2f-9507-d6f527e06df0\\', \\'00b8Q~GKEnrrZf-uN1ZL4LkzWFjHWHEtAZvjqdpp\\', \\'https://org6dd6e79c.crm4.dynamics.com/\\', \\'Toolkit 2211 dev2\\']', 'Type': 'String' } \r\n@INPUT JobID : { 'Description': '', 'FriendlyName': 'JobID', 'DefaultValue': 'd5f82964-525c-ed11-9562-000d3a482345', 'Type': 'String' } \r\n@INPUT MaxJobDurationMins : { 'Description': '', 'FriendlyName': 'MaxJobDuration', 'DefaultValue': 10, 'Type': 'Numeric' } \r\n/# \r\nInput:\r\nJobID [guid] - ID of the control record\r\nDataverseAccessObject [string]\r\n#/\r\nCALL ConnectToDataverse\r\nCALL RetrieveJobData\r\nCALL CreateJobRun\r\nCALL ProcessJobWorkItems\r\n# Now open RunProcess and configure your actions for each work item.\r\nFUNCTION ProcessOutput GLOBAL\r\n    SET DataOutput TO {{ }}\r\n    Variables.ConvertCustomObjectToJson CustomObject: DataOutput Json=&gt; PayloadOutput\r\nEND FUNCTION\r\nFUNCTION ConnectToDataverse GLOBAL\r\n    # Obtain Dataverse access token\r\n    BLOCK \r\nON BLOCK ERROR all\r\n    SET ErrorMessage TO $'''Could not retrieve Dataverse token. Check DataverseAccessObject value'''\r\n    CALL ThrowException\r\n    THROW ERROR\r\nEND\r\n        Variables.ConvertJsonToCustomObject Json: DataverseAccessObject CustomObject=&gt; DataverseAccessObject\r\n                ON ERROR\r\n        \r\n                END\r\n        Web.InvokeWebService.InvokeWebService Url: DataverseAccessObject[0] Method: Web.Method.Post Accept: $'''application/json''' ContentType: $'''application/x-www-form-urlencoded''' RequestBody: $'''grant_type=client_credentials&amp;client_id=%DataverseAccessObject[1]%&amp;client_secret=%DataverseAccessObject[2]%&amp;scope=%DataverseAccessObject[3]%/.default''' ConnectionTimeout: 30 FollowRedirection: True ClearCookies: False FailOnErrorStatus: True EncodeRequestBody: False UserAgent: $'''Mozilla/5.0 (Windows; U; Windows NT 5.1; en-US; rv:1.8.1.21) Gecko/20100312 Firefox/3.6''' Encoding: Web.Encoding.AutoDetect AcceptUntrustedCertificates: False Response=&gt; WebServiceResponse StatusCode=&gt; StatusCode\r\n        Variables.ConvertJsonToCustomObject Json: WebServiceResponse CustomObject=&gt; TokenData\r\n        DateTime.GetCurrentDateTime.Current DateTimeFormat: DateTime.DateTimeFormat.DateAndTime Offset: $'''UTC''' CurrentDateTime=&gt; TokenValidUntil\r\n        DateTime.Add DateTime: TokenValidUntil TimeToAdd: TokenData.expires_in - 120 TimeUnit: DateTime.TimeUnit.Seconds ResultedDate=&gt; TokenValidUntil\r\n    END\r\nEND FUNCTION\r\nFUNCTION ThrowException GLOBAL\r\n    EXIT Code: 0 ErrorMessage: ErrorMessage\r\nEND FUNCTION\r\nFUNCTION RetrieveJobData GLOBAL\r\n    BLOCK RetrieveJobDataError\r\nON BLOCK ERROR all\r\n    SET ErrorMessage TO $'''Error reading job data with id %JobID%'''\r\n    CALL ThrowException\r\n    THROW ERROR\r\nEND\r\n        Web.InvokeWebService.InvokeWebService Url: $'''%DataverseAccessObject[3]%/api/data/v9.1/rpakit_jobs(%JobID%)''' Method: Web.Method.Get Accept: $'''application/json''' ContentType: $'''application/json''' CustomHeaders: $'''Authorization: %TokenData.token_type% %TokenData.access_token%\r\n                                Prefer: return=representation\r\n                                ''' ConnectionTimeout: 30 FollowRedirection: True ClearCookies: False FailOnErrorStatus: True EncodeRequestBody: False UserAgent: $'''Mozilla/5.0 (Windows; U; Windows NT 5.1; en-US; rv:1.8.1.21) Gecko/20100312 Firefox/3.6''' Encoding: Web.Encoding.AutoDetect AcceptUntrustedCertificates: False Response=&gt; WebServiceResponse StatusCode=&gt; StatusCode\r\n        Variables.ConvertJsonToCustomObject Json: WebServiceResponse CustomObject=&gt; Job\r\n    END\r\nEND FUNCTION\r\nFUNCTION ProcessJobWorkItems GLOBAL\r\n    # Calculate next UpdateProgress time\r\n    DateTime.GetCurrentDateTime.Current DateTimeFormat: DateTime.DateTimeFormat.DateAndTime Offset: $'''UTC''' CurrentDateTime=&gt; CurrentDateTime\r\n    DateTime.Add DateTime: CurrentDateTime TimeToAdd: 1 TimeUnit: DateTime.TimeUnit.Minutes ResultedDate=&gt; NextProgressUpdate\r\n    # Calculate job terminate time\r\n    DateTime.GetCurrentDateTime.Current DateTimeFormat: DateTime.DateTimeFormat.DateAndTime Offset: $'''UTC''' CurrentDateTime=&gt; CurrentDateTime\r\n    DateTime.Add DateTime: CurrentDateTime TimeToAdd: MaxJobDurationMins - 1 TimeUnit: DateTime.TimeUnit.Minutes ResultedDate=&gt; JobTerminateTime\r\n    # Initialize record queue\r\n    Variables.CreateNewList List=&gt; MyQueue\r\n    SET ReservationCollisions TO 0\r\n    CALL CheckJobControl\r\n    CALL RetrieveMoreWorkItems\r\n    LOOP WHILE (MyQueue.Count) &gt; (0)\r\n        # Work on 1st record from queue\r\n        SET CurrentRecord TO MyQueue[0]\r\n        DateTime.GetCurrentDateTime.Current DateTimeFormat: DateTime.DateTimeFormat.DateAndTime Offset: $'''UTC''' CurrentDateTime=&gt; WIH_StartedOn\r\n        CALL RunProcess\r\n        Variables.IncreaseVariable Value: RecordsProcessed IncrementValue: 1\r\n        # Remove from queue\r\n        Variables.RemoveItemFromList.RemoveItemFromListByIndex ItemIndex: 0 List: MyQueue\r\n        # save progress if enough time since last update, terminate if job termination time reached\r\n        CALL UpdateProgressIfNeeded\r\n        # do we need to pull more items before next loop iteration?\r\n        IF MyQueue.Count = 0 THEN\r\n            CALL RetrieveMoreWorkItems\r\n        END\r\n    END\r\n    CALL UpdateProgress\r\n    CALL UpdateProgressFinal\r\nEND FUNCTION\r\nFUNCTION RetrieveMoreWorkItems GLOBAL\r\n    # how many records to cache at once? start with 5 for slow jobs (&gt;1 min/rec), increase to 10/20 for faster processes or multiple paralell jobs\r\n    SET ConfRecDesired TO 5\r\n    # how many records to retrieve? start with 2x %ConfRecDesired%, increase to 3x/5x in case of more paralell jobs\r\n    SET ConfNumRecPool TO 10\r\n    # how long to keep records reserved before another job picks them up? This period should be enough to handle ALL records from %ConfRecDesired% pool. Default 1 hour, but increase further if your records take very long to process and if you cache many records at once\r\n    DateTime.GetCurrentDateTime.Current DateTimeFormat: DateTime.DateTimeFormat.DateAndTime Offset: $'''UTC''' CurrentDateTime=&gt; CurrentDateTime\r\n    DateTime.Add DateTime: CurrentDateTime TimeToAdd: 1 TimeUnit: DateTime.TimeUnit.Hours ResultedDate=&gt; ReservationDate\r\n    # Retrieve new job items since our pool is empty\r\n    Web.InvokeWebService.InvokeWebService Url: $'''%DataverseAccessObject[3]%/api/data/v9.1/rpakit_workitems?$select=rpakit_workitemid,rpakit_payload,rpakit_name&amp;$top=%ConfNumRecPool%&amp;$filter=rpakit_type eq %Job.rpakit_workitemtype% and rpakit_executionstatus eq 343970001 and rpakit_executiontype eq 343970001 and (rpakit_jobreservationdeadline lt \\'%CurrentDateTime%\\' or rpakit_jobreservationdeadline eq null)''' Method: Web.Method.Get Accept: $'''application/json''' ContentType: $'''application/json''' CustomHeaders: $'''Authorization: %TokenData.token_type% %TokenData.access_token%\r\nPrefer: return=representation\r\n                                                                                                                                                                                                                                                                                                                                                                                                                                ''' ConnectionTimeout: 30 FollowRedirection: True ClearCookies: False FailOnErrorStatus: True EncodeRequestBody: False UserAgent: $'''Mozilla/5.0 (Windows; U; Windows NT 5.1; en-US; rv:1.8.1.21) Gecko/20100312 Firefox/3.6''' Encoding: Web.Encoding.AutoDetect AcceptUntrustedCertificates: False Response=&gt; WebServiceResponse StatusCode=&gt; StatusCode\r\n    ON ERROR\r\n        SET ErrorMessage TO $'''Could not retrieve work items for job id %JobID% (%StatusCode%)'''\r\n        CALL RenewTokenOrThrowException\r\n        REPEAT ACTION\r\n    END\r\n    IF StatusCode &gt;= 300 THEN\r\n        SET ErrorMessage TO $'''Could not read more work items - status %StatusCode%'''\r\n        CALL ThrowException\r\n    END\r\n    Text.Replace Text: WebServiceResponse TextToFind: $'''\\\"@odata.etag\\\":''' IsRegEx: False IgnoreCase: False ReplaceWith: $'''\\\"odataetag\\\":''' ActivateEscapeSequences: False Result=&gt; WebServiceResponse\r\n    Variables.ConvertJsonToCustomObject Json: WebServiceResponse CustomObject=&gt; WorkItemsRetrieved\r\n    SET WorkItemsPool TO WorkItemsRetrieved.value\r\n    # If no records found, we end this subflow - parent will save outcome and end bot\r\n    IF IsEmpty(WorkItemsPool) THEN\r\n        EXIT FUNCTION\r\n    END\r\n    # Shuffle to reduce conflict likelyhood\r\n    Variables.ShuffleList List: WorkItemsPool\r\n    # Attempt to reserve for our job run\r\n    LOOP FOREACH CurrentRecord IN WorkItemsPool\r\n        SET ETag TO CurrentRecord.odataetag\r\n        Web.InvokeWebService.InvokeWebService Url: $'''%DataverseAccessObject[3]%/api/data/v9.1/rpakit_workitems(%CurrentRecord.rpakit_workitemid%)''' Method: Web.Method.Patch Accept: $'''application/json''' ContentType: $'''application/json''' CustomHeaders: $'''If-Match: %ETag%\r\n                                                                                                                                                                                                                                                        Authorization: %TokenData.token_type% %TokenData.access_token%\r\n                                                                                                                                                                                                                                                        Prefer: return=representation\r\n                                                                                                                                                                                                                                                                                                                                                                                                                                                                                                                                                                                                                                                                                                                                                                                                                                                                                                                                                                                                                                                                                                        ''' RequestBody: $'''{\\\"rpakit_Job@odata.bind\\\": \\\"/rpakit_jobs(%JobID%)\\\",                                                                                                                                                           \\\"rpakit_JobRun@odata.bind\\\": \\\"/rpakit_jobruns(%JobRun.rpakit_jobrunid%)\\\", \\\"rpakit_jobreservationdeadline\\\": \\\"%ReservationDate%\\\" \r\n                                                                                                                                                                                                                                                                                                                                                                                                                                                                                                                                                                                                                                                                                                                                                                        }''' ConnectionTimeout: 30 FollowRedirection: True ClearCookies: False FailOnErrorStatus: False EncodeRequestBody: False UserAgent: $'''Mozilla/5.0 (Windows; U; Windows NT 5.1; en-US; rv:1.8.1.21) Gecko/20100312 Firefox/3.6''' Encoding: Web.Encoding.AutoDetect AcceptUntrustedCertificates: False Response=&gt; WebServiceResponse StatusCode=&gt; StatusCode\r\n                ON ERROR\r\n                    SET ErrorMessage TO $'''Could not reserve job item %JobID%'''\r\n                    CALL RenewTokenOrThrowException\r\n                    REPEAT ACTION\r\n                END\r\n        IF StatusCode = 200 THEN\r\n            Variables.ConvertJsonToCustomObject Json: WebServiceResponse CustomObject=&gt; CurrentRecord\r\n            Variables.AddItemToList Item: CurrentRecord List: MyQueue\r\n        ELSE\r\n            Variables.IncreaseVariable Value: ReservationCollisions IncrementValue: 1\r\n        END\r\n        Variables.DecreaseVariable Value: ConfRecDesired DecrementValue: 1\r\n        IF ConfRecDesired = 0 THEN\r\n            EXIT LOOP\r\n        END\r\n    END\r\nEND FUNCTION\r\nFUNCTION CreateJobRun GLOBAL\r\n    BLOCK CreateJobRunError\r\nON BLOCK ERROR all\r\n    SET ErrorMessage TO $'''Error creating job run'''\r\n    CALL ThrowException\r\n    THROW ERROR\r\nEND\r\n        SET RecordsProcessed TO 0\r\n        SET RecordsSuccess TO 0\r\n        SET RecordsFailed TO 0\r\n        System.GetEnvironmentVariable.GetEnvironmentVariable Name: $'''COMPUTERNAME''' Value=&gt; ComputerName\r\n        DateTime.GetCurrentDateTime.Current DateTimeFormat: DateTime.DateTimeFormat.DateAndTime Offset: $'''UTC''' CurrentDateTime=&gt; CurrentDateTime\r\n        # create job run record\r\n        Web.InvokeWebService.InvokeWebService Url: $'''%DataverseAccessObject[3]%/api/data/v9.1/rpakit_jobruns?$expand=rpakit_Job''' Method: Web.Method.Post Accept: $'''application/json''' ContentType: $'''application/json''' CustomHeaders: $'''Authorization: %TokenData.token_type% %TokenData.access_token%\r\n                                                                                                                                                                                                                                                                                                                                                                                                                                                                                                                                                                                                                                                                        Prefer: return=representation\r\n                                                                                                                                                                                                                                                                                                                                                                                                                                                                                                                                                                                                                                                                                                                                                                                                                                                                                        ''' RequestBody: $'''{\r\n                                                                                                                                                                                                                                                                                                                                                                                                                                                                                                                                                                                                                                                                        \\\"rpakit_Job@odata.bind\\\": \\\"/rpakit_jobs(%JobID%)\\\",\r\n                                                                                                                                                                                                                                                                                                                                                                                                                                                                                                                                                                                                                                                                        \\'rpakit_machinename\\': \\'%ComputerName%\\',\r\n                                                                                                                                                                                                                                                                                                                                                                                                                                                                                                                                                                                                                                                                        \\'rpakit_currentstatus\\': 343970000\r\n                                                                                                                                                                                                                                                                                                                                                                                                                                                                                                                                                                                                                                                                        }''' ConnectionTimeout: 30 FollowRedirection: True ClearCookies: False FailOnErrorStatus: True EncodeRequestBody: False UserAgent: $'''Mozilla/5.0 (Windows; U; Windows NT 5.1; en-US; rv:1.8.1.21) Gecko/20100312 Firefox/3.6''' Encoding: Web.Encoding.AutoDetect AcceptUntrustedCertificates: False Response=&gt; WebServiceResponse StatusCode=&gt; StatusCode\r\n                ON ERROR\r\n                    SET ErrorMessage TO $'''Could not create job run linked to job id %JobID%'''\r\n                    CALL ThrowException\r\n                    THROW ERROR\r\n                END\r\n        Variables.ConvertJsonToCustomObject Json: WebServiceResponse CustomObject=&gt; JobRun\r\n        # set Job to running, clear counters, save last start\r\n        Web.InvokeWebService.InvokeWebService Url: $'''%DataverseAccessObject[3]%/api/data/v9.1/rpakit_jobs(%JobID%)''' Method: Web.Method.Patch Accept: $'''application/json''' ContentType: $'''application/json''' CustomHeaders: $'''Authorization: %TokenData.token_type% %TokenData.access_token%\r\n                                                                                                                                                                                                                                        Prefer: return=representation\r\n                                                                                                                                                                                                                                                                                                                        ''' RequestBody: $'''{\r\n                                        \\'rpakit_itemsprocessed\\': %RecordsProcessed%,\r\n                                        \\'rpakit_itemscompleted\\': %RecordsSuccess%,\r\n                                        \\'rpakit_itemsfailed\\': %RecordsFailed%,\r\n                                        \\'rpakit_laststart\\': \\'%CurrentDateTime%\\',\r\n                                        \\'rpakit_currentstatus\\': 343970000\r\n                                        }''' ConnectionTimeout: 30 FollowRedirection: True ClearCookies: False FailOnErrorStatus: True EncodeRequestBody: False UserAgent: $'''Mozilla/5.0 (Windows; U; Windows NT 5.1; en-US; rv:1.8.1.21) Gecko/20100312 Firefox/3.6''' Encoding: Web.Encoding.AutoDetect AcceptUntrustedCertificates: False Response=&gt; WebServiceResponse StatusCode=&gt; StatusCode\r\n                ON ERROR\r\n                    SET ErrorMessage TO $'''Could not update job with id %JobID%'''\r\n                    CALL RenewTokenOrThrowException\r\n                    REPEAT ACTION\r\n                END\r\n    END\r\nEND FUNCTION\r\nFUNCTION RunProcess GLOBAL\r\n    /# Enter your worker process steps here. Make sure you wrap with error handling. The record you're working on is in %CurrentRecord%. Save your output in %PayloadOutput%.\r\n\r\nOn success, set PayloadOutput and run subflow RecordSuccess.\r\nOn failure, set ErrorMessage and run subflow RecordFailure, then end this subflow.#/\r\n    SET Payload TO CurrentRecord.rpakit_payload\r\n    # --- default outcome is success, end your process with calling RecordFailure if your record failed\r\n    @@flowname: '[DEMO] Process Work Item'\r\n    External.RunFlow FlowId: 'eebe904e-f0e8-4391-b58d-52ec35a773b0' @Payload: Payload @PayloadOutput=&gt; PayloadOutput\r\n        ON ERROR\r\n            CALL RecordFailure\r\n            GOTO NextItem\r\n        END\r\n    # --- RecordSuccess will take PayloadOutput and save back into Dataverse work item record\r\n    CALL RecordSuccess\r\n    # --- run desktop flow action will skip to this label if the child flow fails\r\n    LABEL NextItem\r\nEND FUNCTION\r\nFUNCTION RecordSuccess GLOBAL\r\n    # Record successful processing of %CurrentRecord%\r\n    BLOCK CatchRecordErrors\r\nON BLOCK ERROR all\r\n    SET ErrorMessage TO $'''Error during RecordSuccess for work item %CurrentRecord.rpakit_name%'''\r\n    CALL ThrowException\r\n    THROW ERROR\r\nEND\r\n        DateTime.GetCurrentDateTime.Current DateTimeFormat: DateTime.DateTimeFormat.DateAndTime Offset: $'''UTC''' CurrentDateTime=&gt; WIH_CompletedOn\r\n        # escape single quotes for use in JSON body\r\n        Text.Replace Text: PayloadOutput TextToFind: $'''\\'''' IsRegEx: False IgnoreCase: False ReplaceWith: $'''\\\\\\'''' ActivateEscapeSequences: False Result=&gt; PayloadOutput\r\n        # set execution status to success\r\n        Web.InvokeWebService.InvokeWebService Url: $'''%DataverseAccessObject[3]%/api/data/v9.1/rpakit_workitems(%CurrentRecord.rpakit_workitemid%)''' Method: Web.Method.Patch Accept: $'''application/json''' ContentType: $'''application/json''' CustomHeaders: $'''Authorization: %TokenData.token_type% %TokenData.access_token%\r\n                                                                                                                                                                                                                                                        Prefer: return=representation\r\n                                                                                                                                                                                                                                                                                                                                                                                                                                                                                                                                                                                                                                                        ''' RequestBody: $'''{\\\"rpakit_executionstatus\\\": 343970002,\\'rpakit_payloadoutput\\': \\'%PayloadOutput%\\',\\'rpakit_mostrecentstatus\\': \\'200 OK\\', \\'rpakit_jobreservationdeadline\\': null, \\'rpakit_completedon\\': \\'%WIH_CompletedOn%\\'}''' ConnectionTimeout: 30 FollowRedirection: True ClearCookies: False FailOnErrorStatus: True EncodeRequestBody: False UserAgent: $'''Mozilla/5.0 (Windows; U; Windows NT 5.1; en-US; rv:1.8.1.21) Gecko/20100312 Firefox/3.6''' Encoding: Web.Encoding.AutoDetect AcceptUntrustedCertificates: False Response=&gt; WebServiceResponse StatusCode=&gt; StatusCode\r\n                ON ERROR\r\n                    SET ErrorMessage TO $'''Error recording success for work item %CurrentRecord.rpakit_name%'''\r\n                    CALL RenewTokenOrThrowException\r\n                    REPEAT ACTION\r\n                END\r\n        # create Work Item History\r\n        Web.InvokeWebService.InvokeWebService Url: $'''%DataverseAccessObject[3]%/api/data/v9.1/rpakit_workitemhistories''' Method: Web.Method.Post Accept: $'''application/json''' ContentType: $'''application/json''' CustomHeaders: $'''Authorization: %TokenData.token_type% %TokenData.access_token%\r\n                                                                                                                                                                                                                                                                                                                                                                                                                                                                                                        Prefer: return=representation\r\n                                                                                                                                                                                                                                                                                                                                                                                                                                                                                                                                                                                                                                                        ''' RequestBody: $'''{\\'rpakit_WorkItem@odata.bind\\': \\'/rpakit_workitems(%CurrentRecord.rpakit_workitemid%)\\', \\'rpakit_JobRun@odata.bind\\': \\'/rpakit_jobruns(%JobRun.rpakit_jobrunid%)\\', \\'statuscode\\': 1, \\'rpakit_machine\\': \\'%ComputerName%\\', \\'rpakit_result\\': \\'200 OK\\', \\'rpakit_startedon\\': \\'%WIH_StartedOn%\\', \\'rpakit_completedon\\': \\'%WIH_CompletedOn%\\'}''' ConnectionTimeout: 30 FollowRedirection: True ClearCookies: False FailOnErrorStatus: True EncodeRequestBody: False UserAgent: $'''Mozilla/5.0 (Windows; U; Windows NT 5.1; en-US; rv:1.8.1.21) Gecko/20100312 Firefox/3.6''' Encoding: Web.Encoding.AutoDetect AcceptUntrustedCertificates: False Response=&gt; WebServiceResponse StatusCode=&gt; StatusCode\r\n                ON ERROR\r\n                    SET ErrorMessage TO $'''Error recording work item history for %CurrentRecord.rpakit_name%'''\r\n                    CALL RenewTokenOrThrowException\r\n                    REPEAT ACTION\r\n                END\r\n        Variables.IncreaseVariable Value: RecordsSuccess IncrementValue: 1\r\n    END\r\nEND FUNCTION\r\nFUNCTION RecordFailure GLOBAL\r\n    # Record a failure during processing certain %CurrentRecord%`\r\n    BLOCK CatchRecordErrors\r\nON BLOCK ERROR all\r\n    SET ErrorMessage TO $'''Error occured while recording failure for %CurrentRecord.rpakit_name%'''\r\n    CALL ThrowException\r\n    THROW ERROR\r\nEND\r\n        DateTime.GetCurrentDateTime.Current DateTimeFormat: DateTime.DateTimeFormat.DateAndTime Offset: $'''UTC''' CurrentDateTime=&gt; WIH_CompletedOn\r\n        # Capture error information\r\n        ERROR =&gt; LastError\r\n        Text.SplitText.SplitWithDelimiter Text: LastError.ErrorDetails CustomDelimiter: $'''\\\\n''' IsRegEx: True Result=&gt; TextList\r\n        SET ErrorMessageShort TO TextList[1]\r\n        Text.Replace Text: ErrorMessageShort TextToFind: $'''\\'''' IsRegEx: False IgnoreCase: False ReplaceWith: $'''\\\\\\'''' ActivateEscapeSequences: False Result=&gt; ErrorMessageShort\r\n        Text.Replace Text: ErrorMessageShort TextToFind: $'''^Error Message: ''' IsRegEx: True IgnoreCase: False ReplaceWith: $'''%''%''' ActivateEscapeSequences: False Result=&gt; ErrorMessageShort\r\n        SET ErrorMessage TO $'''%LastError.Message% while running %LastError.ActionName% at %LastError.Location% (%LastError.ErrorDetails%)'''\r\n        Text.Replace Text: ErrorMessage TextToFind: $'''\\'''' IsRegEx: False IgnoreCase: False ReplaceWith: $'''\\\\\\'''' ActivateEscapeSequences: False Result=&gt; ErrorMessage\r\n    END\r\n    # Set execution status to failure and set most recent status field, clear job item reservation\r\n    Web.InvokeWebService.InvokeWebService Url: $'''%DataverseAccessObject[3]%/api/data/v9.1/rpakit_workitems(%CurrentRecord.rpakit_workitemid%)''' Method: Web.Method.Patch Accept: $'''application/json''' ContentType: $'''application/json''' CustomHeaders: $'''Authorization: %TokenData.token_type% %TokenData.access_token%\r\nPrefer: return=representation\r\n                                                                                                                                                                                                                                                                                                                                                                                                                                                                                                                                ''' RequestBody: $'''{\\\"rpakit_executionstatus\\\": 343970003,\r\n\\'rpakit_mostrecentstatus\\': \\'%ErrorMessageShort%\\',\r\n\\'rpakit_jobreservationdeadline\\': null\r\n}''' ConnectionTimeout: 30 FollowRedirection: True ClearCookies: False FailOnErrorStatus: True EncodeRequestBody: False UserAgent: $'''Mozilla/5.0 (Windows; U; Windows NT 5.1; en-US; rv:1.8.1.21) Gecko/20100312 Firefox/3.6''' Encoding: Web.Encoding.AutoDetect AcceptUntrustedCertificates: False Response=&gt; WebServiceResponse StatusCode=&gt; StatusCode\r\n    ON ERROR\r\n        SET ErrorMessage TO $'''Error recording failure for work item %CurrentRecord.rpakit_name%'''\r\n        CALL RenewTokenOrThrowException\r\n        REPEAT ACTION\r\n    END\r\n    # create Work Item History\r\n    Web.InvokeWebService.InvokeWebService Url: $'''%DataverseAccessObject[3]%/api/data/v9.1/rpakit_workitemhistories''' Method: Web.Method.Post Accept: $'''application/json''' ContentType: $'''application/json''' CustomHeaders: $'''Authorization: %TokenData.token_type% %TokenData.access_token%\r\n                                Prefer: return=representation\r\n                                                                                                                                                                                                                                                                                                                                                                                                                                                                                                                                ''' RequestBody: $'''{\\'rpakit_WorkItem@odata.bind\\': \\'/rpakit_workitems(%CurrentRecord.rpakit_workitemid%)\\', \\'rpakit_JobRun@odata.bind\\': \\'/rpakit_jobruns(%JobRun.rpakit_jobrunid%)\\', \\'statuscode\\': 343970000, \\'rpakit_machine\\': \\'%ComputerName%\\', \\'rpakit_result\\': \\'400 %ErrorMessageShort%\\', rpakit_resultlong: \\'%ErrorMessage%\\', \\'rpakit_startedon\\': \\'%WIH_StartedOn%\\', \\'rpakit_completedon\\': \\'%WIH_CompletedOn%\\'}''' ConnectionTimeout: 30 FollowRedirection: True ClearCookies: False FailOnErrorStatus: True EncodeRequestBody: False UserAgent: $'''Mozilla/5.0 (Windows; U; Windows NT 5.1; en-US; rv:1.8.1.21) Gecko/20100312 Firefox/3.6''' Encoding: Web.Encoding.AutoDetect AcceptUntrustedCertificates: False Response=&gt; WebServiceResponse StatusCode=&gt; StatusCode\r\n    ON ERROR\r\n        SET ErrorMessage TO $'''Error recording work item history for %CurrentRecord.rpakit_name%'''\r\n        CALL RenewTokenOrThrowException\r\n        REPEAT ACTION\r\n    END\r\n    Variables.IncreaseVariable Value: RecordsFailed IncrementValue: 1\r\nEND FUNCTION\r\nFUNCTION UpdateProgress GLOBAL\r\n    # Calculate next UpdateProgress time\r\n    DateTime.GetCurrentDateTime.Current DateTimeFormat: DateTime.DateTimeFormat.DateAndTime Offset: $'''UTC''' CurrentDateTime=&gt; CurrentDateTime\r\n    DateTime.Add DateTime: CurrentDateTime TimeToAdd: 1 TimeUnit: DateTime.TimeUnit.Minutes ResultedDate=&gt; NextProgressUpdate\r\n    BLOCK \r\nON BLOCK ERROR all\r\n    SET JR_Performance TO $'''null'''\r\n    NEXT ACTION\r\nEND\r\n        # Calculate performance (recs/min)\r\n        DateTime.Subtract FromDate: CurrentDateTime SubstractDate: JobRun.createdon TimeUnit: DateTime.DifferenceTimeUnit.Minutes TimeDifference=&gt; JR_Minutes\r\n        SET JR_Performance TO RecordsProcessed / JR_Minutes\r\n    END\r\n    # CheckJobControl will run either every minute through UpdateProgress, of every time we RetrieveMoreWorkItems (for super fast running jobs)\r\n    CALL CheckJobControl\r\n    # save into Job\r\n    Web.InvokeWebService.InvokeWebService Url: $'''%DataverseAccessObject[3]%/api/data/v9.1/rpakit_jobs(%JobID%)''' Method: Web.Method.Patch Accept: $'''application/json''' ContentType: $'''application/json''' CustomHeaders: $'''Authorization: %TokenData.token_type% %TokenData.access_token%\r\nPrefer: return=representation\r\n                                                                                ''' RequestBody: $'''{\r\n \\'rpakit_itemsprocessed\\': %RecordsProcessed%,\r\n \\'rpakit_itemscompleted\\': %RecordsSuccess%,\r\n \\'rpakit_itemsfailed\\': %RecordsFailed%,\r\n \\'rpakit_currentstatus\\': 343970000,\r\n \\'rpakit_performance\\': %JR_Performance%\r\n}''' ConnectionTimeout: 30 FollowRedirection: True ClearCookies: False FailOnErrorStatus: True EncodeRequestBody: False UserAgent: $'''Mozilla/5.0 (Windows; U; Windows NT 5.1; en-US; rv:1.8.1.21) Gecko/20100312 Firefox/3.6''' Encoding: Web.Encoding.AutoDetect AcceptUntrustedCertificates: False Response=&gt; WebServiceResponse StatusCode=&gt; StatusCode\r\n    ON ERROR\r\n        SET ErrorMessage TO $'''Could not update job with id %JobID%'''\r\n        CALL RenewTokenOrThrowException\r\n        REPEAT ACTION\r\n    END\r\n    # save into Job Run\r\n    Web.InvokeWebService.InvokeWebService Url: $'''%DataverseAccessObject[3]%/api/data/v9.1/rpakit_jobruns(%JobRun.rpakit_jobrunid%)''' Method: Web.Method.Patch Accept: $'''application/json''' ContentType: $'''application/json''' CustomHeaders: $'''Authorization: %TokenData.token_type% %TokenData.access_token%\r\nPrefer: return=representation\r\n                                                                                ''' RequestBody: $'''{\r\n \\'rpakit_itemscompleted\\': %RecordsProcessed%,\r\n \\'rpakit_itemssuccessful\\': %RecordsSuccess%,\r\n \\'rpakit_itemsfailed\\': %RecordsFailed%,\r\n \\'rpakit_performance\\': %JR_Performance%,\r\n \\'rpakit_reservationcollisions\\': %ReservationCollisions%\r\n}''' ConnectionTimeout: 30 FollowRedirection: True ClearCookies: False FailOnErrorStatus: True EncodeRequestBody: False UserAgent: $'''Mozilla/5.0 (Windows; U; Windows NT 5.1; en-US; rv:1.8.1.21) Gecko/20100312 Firefox/3.6''' Encoding: Web.Encoding.AutoDetect AcceptUntrustedCertificates: False Response=&gt; WebServiceResponse StatusCode=&gt; StatusCode\r\n    ON ERROR\r\n        SET ErrorMessage TO $'''Could not update job run with id %JobID% (%StatusCode%)'''\r\n        CALL RenewTokenOrThrowException\r\n        REPEAT ACTION\r\n    END\r\nEND FUNCTION\r\nFUNCTION UpdateProgressFinal GLOBAL\r\n    # if this subflow is called due to running out of time, or job control set to Stop, we might have some records left in queue. This subflow will release the locked records\r\n    CALL ReleaseUnhandledItems\r\n    DateTime.GetCurrentDateTime.Current DateTimeFormat: DateTime.DateTimeFormat.DateAndTime Offset: $'''UTC''' CurrentDateTime=&gt; CurrentDateTime\r\n    # save into Job\r\n    Web.InvokeWebService.InvokeWebService Url: $'''%DataverseAccessObject[3]%/api/data/v9.1/rpakit_jobs(%JobID%)''' Method: Web.Method.Patch Accept: $'''application/json''' ContentType: $'''application/json''' CustomHeaders: $'''Authorization: %TokenData.token_type% %TokenData.access_token%\r\nPrefer: return=representation\r\n                                                                                ''' RequestBody: $'''{\r\n \\'rpakit_currentstatus\\': 343970001,\r\n \\'rpakit_lastsuccess\\': \\'%CurrentDateTime%\\',\r\n \\'rpakit_jobcontrol\\': null,\r\n \\'rpakit_itemsfailed\\': %RecordsFailed%,\r\n \\'rpakit_itemscompleted\\': %RecordsSuccess%,\r\n \\'rpakit_itemsprocessed\\': %RecordsProcessed%\r\n}''' ConnectionTimeout: 30 FollowRedirection: True ClearCookies: False FailOnErrorStatus: False EncodeRequestBody: False UserAgent: $'''Mozilla/5.0 (Windows; U; Windows NT 5.1; en-US; rv:1.8.1.21) Gecko/20100312 Firefox/3.6''' Encoding: Web.Encoding.AutoDetect AcceptUntrustedCertificates: False Response=&gt; WebServiceResponse StatusCode=&gt; StatusCode\r\n    ON ERROR\r\n        SET ErrorMessage TO $'''Could not update job (final) with id %JobID%'''\r\n        CALL RenewTokenOrThrowException\r\n        REPEAT ACTION\r\n    END\r\n    # save into Job Run\r\n    Web.InvokeWebService.InvokeWebService Url: $'''%DataverseAccessObject[3]%/api/data/v9.1/rpakit_jobruns(%JobRun.rpakit_jobrunid%)''' Method: Web.Method.Patch Accept: $'''application/json''' ContentType: $'''application/json''' CustomHeaders: $'''Authorization: %TokenData.token_type% %TokenData.access_token%\r\nPrefer: return=representation\r\n                                                                                ''' RequestBody: $'''{\r\n \\'rpakit_currentstatus\\': 343970001\r\n}''' ConnectionTimeout: 30 FollowRedirection: True ClearCookies: False FailOnErrorStatus: True EncodeRequestBody: False UserAgent: $'''Mozilla/5.0 (Windows; U; Windows NT 5.1; en-US; rv:1.8.1.21) Gecko/20100312 Firefox/3.6''' Encoding: Web.Encoding.AutoDetect AcceptUntrustedCertificates: False Response=&gt; WebServiceResponse StatusCode=&gt; StatusCode\r\n    ON ERROR\r\n        SET ErrorMessage TO $'''Could not update job run (final) with id %JobID%'''\r\n        CALL RenewTokenOrThrowException\r\n        REPEAT ACTION\r\n    END\r\nEND FUNCTION\r\nFUNCTION CheckJobControl GLOBAL\r\n    CALL GetJobControlValue\r\n    DateTime.GetCurrentDateTime.Current DateTimeFormat: DateTime.DateTimeFormat.DateAndTime Offset: $'''UTC''' CurrentDateTime=&gt; CurrentDateTime\r\n    IF JobControl = 343970000 THEN\r\n        # Pause -&gt; Paused\r\n        Web.InvokeWebService.InvokeWebService Url: $'''%DataverseAccessObject[3]%/api/data/v9.1/rpakit_jobs(%JobID%)''' Method: Web.Method.Patch Accept: $'''application/json''' ContentType: $'''application/json''' CustomHeaders: $'''Authorization: %TokenData.token_type% %TokenData.access_token%\r\n                                                                                                                                                                                                                                                                                                                                                                                                                                                                                                                                                                                                                                                                        Prefer: return=representation\r\n                                                                                                                                                                                                                                                                                                                                                                                                                                                                                                                                                                                                                                                                                                                                                                                                                                                                                                        ''' RequestBody: $'''{ rpakit_currentstatus: 343970003 }''' ConnectionTimeout: 30 FollowRedirection: True ClearCookies: False FailOnErrorStatus: False EncodeRequestBody: False UserAgent: $'''Mozilla/5.0 (Windows; U; Windows NT 5.1; en-US; rv:1.8.1.21) Gecko/20100312 Firefox/3.6''' Encoding: Web.Encoding.AutoDetect AcceptUntrustedCertificates: False Response=&gt; WebServiceResponse StatusCode=&gt; StatusCode\r\n                ON ERROR\r\n                    SET ErrorMessage TO $'''Could not retrieve work items for job id %JobID%'''\r\n                    CALL RenewTokenOrThrowException\r\n                    REPEAT ACTION\r\n                END\r\n        # wait for Resume\r\n        LOOP WHILE (JobControl) &lt;&gt; (343970002)\r\n            WAIT 30\r\n            CALL GetJobControlValue\r\n        END\r\n        # running\r\n        Web.InvokeWebService.InvokeWebService Url: $'''%DataverseAccessObject[3]%/api/data/v9.1/rpakit_jobs(%JobID%)''' Method: Web.Method.Patch Accept: $'''application/json''' ContentType: $'''application/json''' CustomHeaders: $'''Authorization: %TokenData.token_type% %TokenData.access_token%\r\n                                                                                                                                                                                                                                                                                                                                                                                                                                                                                                                                                                                                                                                                        Prefer: return=representation\r\n                                                                                                                                                                                                                                                                                                                                                                                                                                                                                                                                                                                                                                                                                                                                                                                                                                                                                                        ''' RequestBody: $'''{ rpakit_currentstatus: 343970000, rpakit_jobcontrol: null }''' ConnectionTimeout: 30 FollowRedirection: True ClearCookies: False FailOnErrorStatus: False EncodeRequestBody: False UserAgent: $'''Mozilla/5.0 (Windows; U; Windows NT 5.1; en-US; rv:1.8.1.21) Gecko/20100312 Firefox/3.6''' Encoding: Web.Encoding.AutoDetect AcceptUntrustedCertificates: False Response=&gt; WebServiceResponse StatusCode=&gt; StatusCode\r\n                ON ERROR\r\n                    SET ErrorMessage TO $'''Could not retrieve work items for job id %JobID%'''\r\n                    CALL RenewTokenOrThrowException\r\n                    REPEAT ACTION\r\n                END\r\n    ELSE IF JobControl = 343970001 THEN\r\n        # Stop -&gt; Stopped -&gt; End flow\r\n        Web.InvokeWebService.InvokeWebService Url: $'''%DataverseAccessObject[3]%/api/data/v9.1/rpakit_jobs(%JobID%)''' Method: Web.Method.Patch Accept: $'''application/json''' ContentType: $'''application/json''' CustomHeaders: $'''Authorization: %TokenData.token_type% %TokenData.access_token%\r\n                                                                                                                                                                                                                                                                                                                                                                                                                                                                                                                                                                                                                                                                        Prefer: return=representation\r\n                                                                                                                                                                                                                                                                                                                                                                                                                                                                                                                                                                                                                                                                                                                                                                                                                                                                                                        ''' RequestBody: $'''{ rpakit_currentstatus: 343970002, rpakit_jobcontrol: null }''' ConnectionTimeout: 30 FollowRedirection: True ClearCookies: False FailOnErrorStatus: False EncodeRequestBody: False UserAgent: $'''Mozilla/5.0 (Windows; U; Windows NT 5.1; en-US; rv:1.8.1.21) Gecko/20100312 Firefox/3.6''' Encoding: Web.Encoding.AutoDetect AcceptUntrustedCertificates: False Response=&gt; WebServiceResponse StatusCode=&gt; StatusCode\r\n                ON ERROR\r\n                    SET ErrorMessage TO $'''Could not retrieve work items for job id %JobID%'''\r\n                    CALL RenewTokenOrThrowException\r\n                    REPEAT ACTION\r\n                END\r\n        CALL UpdateProgressFinal\r\n        EXIT Code: 0\r\n    ELSE IF JobTerminateTime &lt;= CurrentDateTime THEN\r\n        # Out of time -&gt; Stopped -&gt; End flow\r\n        Web.InvokeWebService.InvokeWebService Url: $'''%DataverseAccessObject[3]%/api/data/v9.1/rpakit_jobs(%JobID%)''' Method: Web.Method.Patch Accept: $'''application/json''' ContentType: $'''application/json''' CustomHeaders: $'''Authorization: %TokenData.token_type% %TokenData.access_token%\r\n                                                                                                                                                                                                                                                                                                                                                                                                                                                                                                                                                                                                                                                                        Prefer: return=representation\r\n                                                                                                                                                                                                                                                                                                                                                                                                                                                                                                                                                                                                                                                                                                                                                                                                                                                                                                        ''' RequestBody: $'''{ rpakit_currentstatus: 343970002, rpakit_jobcontrol: null }''' ConnectionTimeout: 30 FollowRedirection: True ClearCookies: False FailOnErrorStatus: False EncodeRequestBody: False UserAgent: $'''Mozilla/5.0 (Windows; U; Windows NT 5.1; en-US; rv:1.8.1.21) Gecko/20100312 Firefox/3.6''' Encoding: Web.Encoding.AutoDetect AcceptUntrustedCertificates: False Response=&gt; WebServiceResponse StatusCode=&gt; StatusCode\r\n                ON ERROR\r\n                    SET ErrorMessage TO $'''Could not retrieve work items for job id %JobID%'''\r\n                    CALL RenewTokenOrThrowException\r\n                    REPEAT ACTION\r\n                END\r\n        CALL UpdateProgressFinal\r\n        EXIT Code: 0\r\n    END\r\nEND FUNCTION\r\nFUNCTION GetJobControlValue GLOBAL\r\n    # Get Job record\r\n    Web.InvokeWebService.InvokeWebService Url: $'''%DataverseAccessObject[3]%/api/data/v9.1/rpakit_jobs(%JobID%)?$select=rpakit_jobcontrol''' Method: Web.Method.Get Accept: $'''application/json''' ContentType: $'''application/json''' CustomHeaders: $'''Authorization: %TokenData.token_type% %TokenData.access_token%\r\n                                Prefer: return=representation\r\n                                                                                                                                                                                                                                                                ''' ConnectionTimeout: 30 FollowRedirection: True ClearCookies: False FailOnErrorStatus: True EncodeRequestBody: False UserAgent: $'''Mozilla/5.0 (Windows; U; Windows NT 5.1; en-US; rv:1.8.1.21) Gecko/20100312 Firefox/3.6''' Encoding: Web.Encoding.AutoDetect AcceptUntrustedCertificates: False Response=&gt; WebServiceResponse StatusCode=&gt; StatusCode\r\n    ON ERROR\r\n        SET ErrorMessage TO $'''Could not retrieve work items for job id %JobID%'''\r\n        CALL RenewTokenOrThrowException\r\n        REPEAT ACTION\r\n    END\r\n    BLOCK IfEmptyThenZero\r\nON BLOCK ERROR all\r\n    SET JobControl TO 0\r\nEND\r\n        Variables.ConvertJsonToCustomObject Json: WebServiceResponse CustomObject=&gt; TMP_Job\r\n        SET JobControl TO TMP_Job.rpakit_jobcontrol\r\n    END\r\nEND FUNCTION\r\nFUNCTION UpdateProgressIfNeeded GLOBAL\r\n    # Runs after every record processed\r\n    DateTime.GetCurrentDateTime.Current DateTimeFormat: DateTime.DateTimeFormat.DateAndTime Offset: $'''UTC''' CurrentDateTime=&gt; CurrentDateTime\r\n    IF CurrentDateTime &gt; NextProgressUpdate THEN\r\n        CALL UpdateProgress\r\n    END\r\n    IF CurrentDateTime &gt;= JobTerminateTime THEN\r\n        CALL UpdateProgressFinal\r\n        EXIT Code: 0\r\n    END\r\nEND FUNCTION\r\nFUNCTION RenewTokenOrThrowException GLOBAL\r\n    DateTime.GetCurrentDateTime.Current DateTimeFormat: DateTime.DateTimeFormat.DateAndTime Offset: $'''UTC''' CurrentDateTime=&gt; CurrentDateTime\r\n    IF TokenValidUntil &lt; CurrentDateTime THEN\r\n        # OK, justified, let's renew and give it one more try\r\n        CALL ConnectToDataverse\r\n    ELSE\r\n        # No, it wasn't due to token expiration\r\n        ERROR =&gt; LastError\r\n        EXIT Code: 0 ErrorMessage: $'''Web service error: %ErrorMessage% (%LastError.Message% %LastError.Location%)'''\r\n    END\r\n    # if you exit this subflow, the parent Invoke Web Service Action will retry\r\nEND FUNCTION\r\nFUNCTION ReleaseUnhandledItems GLOBAL\r\n    LOOP FOREACH CurrentRecord IN MyQueue\r\n        Web.InvokeWebService.InvokeWebService Url: $'''%DataverseAccessObject[3]%/api/data/v9.1/rpakit_workitems(%CurrentRecord.rpakit_workitemid%)''' Method: Web.Method.Patch Accept: $'''application/json''' ContentType: $'''application/json''' CustomHeaders: $'''Authorization: %TokenData.token_type% %TokenData.access_token%\r\n                                                                                                                                                                                                                                                        Prefer: return=representation                                                                                                                                                                                                                                                                                                                                                                                                                                                                                                                                                                                                                                                                                                                                                                                                                                                ''' RequestBody: $'''{\\\"rpakit_Job@odata.bind\\\": null, \\\"rpakit_JobRun@odata.bind\\\": null, \\\"rpakit_jobreservationdeadline\\\": null}''' ConnectionTimeout: 30 FollowRedirection: True ClearCookies: False FailOnErrorStatus: False EncodeRequestBody: False UserAgent: $'''Mozilla/5.0 (Windows; U; Windows NT 5.1; en-US; rv:1.8.1.21) Gecko/20100312 Firefox/3.6''' Encoding: Web.Encoding.AutoDetect AcceptUntrustedCertificates: False Response=&gt; WebServiceResponse StatusCode=&gt; StatusCode\r\n                ON ERROR\r\n                    SET ErrorMessage TO $'''Could not reserve job item %JobID%'''\r\n                    CALL RenewTokenOrThrowException\r\n                    REPEAT ACTION\r\n                END\r\n    END\r\nEND FUNCTION\r\n"</Definition>
      <SchemaVersion>2022.06</SchemaVersion>
      <PrimaryEntity>none</PrimaryEntity>
      <LocalizedNames>
        <LocalizedName languagecode="1033" description="[DEMO] Run Job Wrapper" />
      </LocalizedNames>
    </Workflow>
  </Workflows>
  <FieldSecurityProfiles></FieldSecurityProfiles>
  <Templates />
  <EntityMaps />
  <EntityRelationships />
  <OrganizationSettings />
  <optionsets>
    <optionset Name="rpakit_type" localizedName="Work Item Type">
      <OptionSetType>picklist</OptionSetType>
      <IsGlobal>1</IsGlobal>
      <IntroducedVersion>1.0.0.1</IntroducedVersion>
      <displaynames>
        <displayname description="Work Item Type" languagecode="1033" />
      </displaynames>
      <Descriptions>
        <Description description="" languagecode="1033" />
      </Descriptions>
      <options>
        <option value="452330999">
          <labels>
            <label description="Default" languagecode="1033" />
          </labels>
          <Descriptions>
            <Description description="" languagecode="1033" />
          </Descriptions>
        </option>
        <option value="343970001">
          <labels>
            <label description="Calculator Job" languagecode="1033" />
          </labels>
          <Descriptions>
            <Description description="" languagecode="1033" />
          </Descriptions>
        </option>
      </options>
    </optionset>
  </optionsets>
  <CustomControls />
  <EntityDataProviders />
  <Languages>
    <Language>1033</Language>
  </Languages>
</ImportExportXml>