<environmentvariabledefinition schemaname="mrok_DataverseAccessObjectkeyvaultsecretname">
  <displayname default="Dataverse Access Object key vault secret name - EPA Example">
    <label description="Dataverse Access Object key vault secret name - EPA Example" languagecode="1033" />
  </displayname>
  <introducedversion>0.0.1.16</introducedversion>
  <iscustomizable>1</iscustomizable>
  <isrequired>0</isrequired>
  <secretstore>0</secretstore>
  <type>100000000</type>
</environmentvariabledefinition>