<ImportExportXml version="9.2.22031.140" SolutionPackageVersion="9.2" languagecode="1033" generatedBy="CrmLive" xmlns:xsi="http://www.w3.org/2001/XMLSchema-instance">
  <SolutionManifest>
    <UniqueName>RetrieveZIPCodeData</UniqueName>
    <LocalizedNames>
      <LocalizedName description="Retrieve ZIP Code Data" languagecode="1033" />
    </LocalizedNames>
    <Descriptions />
    <Version>1.0.0.3</Version>
    <Managed>1</Managed>
    <Publisher>
      <UniqueName>MichalRok</UniqueName>
      <LocalizedNames>
        <LocalizedName description="Michal Rok" languagecode="1033" />
      </LocalizedNames>
      <Descriptions />
      <EMailAddress xsi:nil="true"></EMailAddress>
      <SupportingWebsiteUrl xsi:nil="true"></SupportingWebsiteUrl>
      <CustomizationPrefix>mrok</CustomizationPrefix>
      <CustomizationOptionValuePrefix>45233</CustomizationOptionValuePrefix>
      <Addresses>
        <Address>
          <AddressNumber>1</AddressNumber>
          <AddressTypeCode>1</AddressTypeCode>
          <City xsi:nil="true"></City>
          <County xsi:nil="true"></County>
          <Country xsi:nil="true"></Country>
          <Fax xsi:nil="true"></Fax>
          <FreightTermsCode xsi:nil="true"></FreightTermsCode>
          <ImportSequenceNumber xsi:nil="true"></ImportSequenceNumber>
          <Latitude xsi:nil="true"></Latitude>
          <Line1 xsi:nil="true"></Line1>
          <Line2 xsi:nil="true"></Line2>
          <Line3 xsi:nil="true"></Line3>
          <Longitude xsi:nil="true"></Longitude>
          <Name xsi:nil="true"></Name>
          <PostalCode xsi:nil="true"></PostalCode>
          <PostOfficeBox xsi:nil="true"></PostOfficeBox>
          <PrimaryContactName xsi:nil="true"></PrimaryContactName>
          <ShippingMethodCode>1</ShippingMethodCode>
          <StateOrProvince xsi:nil="true"></StateOrProvince>
          <Telephone1 xsi:nil="true"></Telephone1>
          <Telephone2 xsi:nil="true"></Telephone2>
          <Telephone3 xsi:nil="true"></Telephone3>
          <TimeZoneRuleVersionNumber xsi:nil="true"></TimeZoneRuleVersionNumber>
          <UPSZone xsi:nil="true"></UPSZone>
          <UTCOffset xsi:nil="true"></UTCOffset>
          <UTCConversionTimeZoneCode xsi:nil="true"></UTCConversionTimeZoneCode>
        </Address>
        <Address>
          <AddressNumber>2</AddressNumber>
          <AddressTypeCode>1</AddressTypeCode>
          <City xsi:nil="true"></City>
          <County xsi:nil="true"></County>
          <Country xsi:nil="true"></Country>
          <Fax xsi:nil="true"></Fax>
          <FreightTermsCode xsi:nil="true"></FreightTermsCode>
          <ImportSequenceNumber xsi:nil="true"></ImportSequenceNumber>
          <Latitude xsi:nil="true"></Latitude>
          <Line1 xsi:nil="true"></Line1>
          <Line2 xsi:nil="true"></Line2>
          <Line3 xsi:nil="true"></Line3>
          <Longitude xsi:nil="true"></Longitude>
          <Name xsi:nil="true"></Name>
          <PostalCode xsi:nil="true"></PostalCode>
          <PostOfficeBox xsi:nil="true"></PostOfficeBox>
          <PrimaryContactName xsi:nil="true"></PrimaryContactName>
          <ShippingMethodCode>1</ShippingMethodCode>
          <StateOrProvince xsi:nil="true"></StateOrProvince>
          <Telephone1 xsi:nil="true"></Telephone1>
          <Telephone2 xsi:nil="true"></Telephone2>
          <Telephone3 xsi:nil="true"></Telephone3>
          <TimeZoneRuleVersionNumber xsi:nil="true"></TimeZoneRuleVersionNumber>
          <UPSZone xsi:nil="true"></UPSZone>
          <UTCOffset xsi:nil="true"></UTCOffset>
          <UTCConversionTimeZoneCode xsi:nil="true"></UTCConversionTimeZoneCode>
        </Address>
      </Addresses>
    </Publisher>
    <RootComponents>
      <RootComponent type="9" schemaName="rpakit_type" behavior="0" />
      <RootComponent type="29" id="{81537205-f337-4305-afaa-5c9216ce83be}" behavior="0" />
      <RootComponent type="29" id="{eedb4dc7-26b4-ec11-983e-000d3abebd9d}" behavior="0" />
    </RootComponents>
    <MissingDependencies>
      <MissingDependency>
        <Required type="1" schemaName="rpakit_workitem" displayName="Work Item" solution="Active" />
        <Dependent type="29" displayName="Run Retrieve ZIP Code Data" id="{eedb4dc7-26b4-ec11-983e-000d3abebd9d}" />
      </MissingDependency>
      <MissingDependency>
        <Required type="1" schemaName="rpakit_workitemhistory" displayName="Work Item History" solution="Active" />
        <Dependent type="29" displayName="Run Retrieve ZIP Code Data" id="{eedb4dc7-26b4-ec11-983e-000d3abebd9d}" />
      </MissingDependency>
      <MissingDependency>
        <Required type="2" schemaName="rpakit_executionstatus" displayName="Execution status" parentSchemaName="rpakit_workitem" parentDisplayName="Work Item" solution="Active" />
        <Dependent type="29" displayName="Run Retrieve ZIP Code Data" id="{eedb4dc7-26b4-ec11-983e-000d3abebd9d}" />
      </MissingDependency>
      <MissingDependency>
        <Required type="29" displayName="Get machine run data by Run ID" solution="Active" id="{14a6703a-cc98-ec11-b400-000d3adce6b6}" />
        <Dependent type="29" displayName="Run Retrieve ZIP Code Data" id="{eedb4dc7-26b4-ec11-983e-000d3abebd9d}" />
      </MissingDependency>
      <MissingDependency>
        <Required type="connectionreference" displayName="rpakit_sharedcommondataserviceforapps_947e5" solution="Active" id.connectionreferencelogicalname="rpakit_sharedcommondataserviceforapps_947e5" />
        <Dependent type="29" displayName="Run Retrieve ZIP Code Data" id="{eedb4dc7-26b4-ec11-983e-000d3abebd9d}" />
      </MissingDependency>
    </MissingDependencies>
  </SolutionManifest>
</ImportExportXml>