{"properties":{"connectionReferences":{"shared_commondataserviceforapps":{"runtimeSource":"embedded","connection":{"connectionReferenceLogicalName":"rpakit_sharedcommondataserviceforapps_947e5"},"api":{"name":"shared_commondataserviceforapps"}}},"definition":{"$schema":"https://schema.management.azure.com/providers/Microsoft.Logic/schemas/2016-06-01/workflowdefinition.json#","contentVersion":"1.0.0.0","parameters":{"$connections":{"defaultValue":{},"type":"Object"},"$authentication":{"defaultValue":{},"type":"SecureObject"}},"triggers":{"When_a_row_is_added,_modified_or_deleted":{"metadata":{"operationMetadataId":"b4444ab2-0005-4db5-89b6-245c63d2109b"},"type":"OpenApiConnectionWebhook","inputs":{"host":{"connectionName":"shared_commondataserviceforapps","operationId":"SubscribeWebhookTrigger","apiId":"/providers/Microsoft.PowerApps/apis/shared_commondataserviceforapps"},"parameters":{"subscriptionRequest/message":3,"subscriptionRequest/entityname":"rpakit_rpamodule","subscriptionRequest/scope":4,"subscriptionRequest/filteringattributes":"rpakit_runtestnow","subscriptionRequest/filterexpression":"rpakit_runtestnow eq true and rpakit_name eq 'SAMPLE MODULE NAME'"},"authentication":"@parameters('$authentication')"}}},"actions":{"Update_a_row":{"runAfter":{},"metadata":{"operationMetadataId":"8c5c48d3-1277-4372-ad04-dba0bd629363"},"type":"OpenApiConnection","inputs":{"host":{"connectionName":"shared_commondataserviceforapps","operationId":"UpdateRecord","apiId":"/providers/Microsoft.PowerApps/apis/shared_commondataserviceforapps"},"parameters":{"entityName":"rpakit_rpamodules","recordId":"@triggerOutputs()?['body/rpakit_rpamoduleid']","item/rpakit_runtestnow":false},"authentication":"@parameters('$authentication')"}},"Run_a_Child_Flow":{"runAfter":{"Update_a_row":["Succeeded"]},"metadata":{"operationMetadataId":"be17ec70-15db-4e6d-902a-231d9f666ece"},"type":"Workflow","inputs":{"host":{"workflowReferenceName":"398edc10-c598-ec11-b400-000d3adce6b6"},"body":{"boolean":false}}}},"outputs":{}}},"schemaVersion":"1.0.0.0"}