{
  "properties": {
    "connectionReferences": {
      "shared_keyvault_1": {
        "runtimeSource": "embedded",
        "connection": {
          "connectionReferenceLogicalName": "rpakit_AzureKeyVault"
        },
        "api": {
          "name": "shared_keyvault"
        }
      },
      "shared_uiflow": {
        "runtimeSource": "embedded",
        "connection": {
          "connectionReferenceLogicalName": "mrok_DesktopFlows"
        },
        "api": {
          "name": "shared_uiflow"
        }
      },
      "shared_commondataserviceforapps": {
        "runtimeSource": "embedded",
        "connection": {
          "connectionReferenceLogicalName": "rpakit_sharedcommondataserviceforapps_947e5"
        },
        "api": {
          "name": "shared_commondataserviceforapps"
        }
      }
    },
    "definition": {
      "$schema": "https://schema.management.azure.com/providers/Microsoft.Logic/schemas/2016-06-01/workflowdefinition.json#",
      "contentVersion": "1.0.0.0",
      "parameters": {
        "$connections": {
          "defaultValue": {},
          "type": "Object"
        },
        "$authentication": {
          "defaultValue": {},
          "type": "SecureObject"
        }
      },
      "triggers": {
        "manual": {
          "metadata": {
            "operationMetadataId": "8d79ba48-e233-4059-ba74-25af0c4090fe"
          },
          "type": "Request",
          "kind": "Button",
          "inputs": {
            "schema": {
              "type": "object",
              "properties": {
                "boolean": {
                  "title": "Scheduled",
                  "type": "boolean",
                  "x-ms-dynamically-added": true,
                  "description": "Please select yes or no",
                  "x-ms-content-hint": "BOOLEAN"
                }
              },
              "required": [
                "boolean"
              ]
            }
          }
        }
      },
      "actions": {
        "RPA_Module_Id_variable": {
          "runAfter": {},
          "metadata": {
            "operationMetadataId": "5333b2ae-5090-4a2a-a712-f61f955fe5cd"
          },
          "type": "InitializeVariable",
          "inputs": {
            "variables": [
              {
                "name": "RPA Module record id",
                "type": "string",
                "value": "99cc4196-4799-ec11-b400-000d3abf3b6c"
              }
            ]
          }
        },
        "Retrieve_credentials": {
          "actions": {
            "Get_DataverseAccessObject": {
              "runAfter": {},
              "metadata": {
                "operationMetadataId": "0d02a58a-3522-4f89-9d54-c695e012990a"
              },
              "type": "OpenApiConnection",
              "inputs": {
                "host": {
                  "connectionName": "shared_keyvault_1",
                  "operationId": "GetSecret",
                  "apiId": "/providers/Microsoft.PowerApps/apis/shared_keyvault"
                },
                "parameters": {
                  "secretName": "sampledev-dao"
                },
                "authentication": {
                  "type": "Raw",
                  "value": "@json(decodeBase64(triggerOutputs().headers['X-MS-APIM-Tokens']))['$ConnectionKey']"
                }
              }
            }
          },
          "runAfter": {
            "Update_a_row_RPA_Modules_-_save_start_time": [
              "Succeeded"
            ]
          },
          "metadata": {
            "operationMetadataId": "d07dde10-aa6e-4dd5-97ea-db490ce2f095"
          },
          "type": "Scope"
        },
        "Run_a_flow_built_with_Power_Automate_for_desktop": {
          "runAfter": {
            "Retrieve_credentials": [
              "Succeeded"
            ]
          },
          "metadata": {
            "operationMetadataId": "2df1fa27-bd88-46a6-bfaa-bc775e0b996f"
          },
          "type": "OpenApiConnection",
          "inputs": {
            "host": {
              "connectionName": "shared_uiflow",
              "operationId": "RunUIFlow_V2",
              "apiId": "/providers/Microsoft.PowerApps/apis/shared_uiflow"
            },
            "parameters": {
              "uiFlowId": "ac6c1187-c6d4-46ab-b119-357889bfe6e0",
              "runMode": "attended",
              "item/DataverseAccessObject": "@outputs('Get_DataverseAccessObject')?['body/value']"
            },
            "authentication": {
              "type": "Raw",
              "value": "@json(decodeBase64(triggerOutputs().headers['X-MS-APIM-Tokens']))['$ConnectionKey']"
            }
          }
        },
        "Update_a_row_RPA_Modules_-_save_start_time": {
          "runAfter": {
            "RPA_Module_Id_variable": [
              "Succeeded"
            ]
          },
          "metadata": {
            "operationMetadataId": "9511cb4a-9399-4c13-b16e-0600e1f82eb5"
          },
          "type": "OpenApiConnection",
          "inputs": {
            "host": {
              "connectionName": "shared_commondataserviceforapps",
              "operationId": "UpdateRecord",
              "apiId": "/providers/Microsoft.PowerApps/apis/shared_commondataserviceforapps"
            },
            "parameters": {
              "entityName": "rpakit_rpamodules",
              "recordId": "@variables('RPA Module record id')",
              "item/rpakit_laststarttime": "@utcNow()",
              "item/rpakit_runtestnow": false
            },
            "authentication": {
              "type": "Raw",
              "value": "@json(decodeBase64(triggerOutputs().headers['X-MS-APIM-Tokens']))['$ConnectionKey']"
            }
          }
        },
        "Update_a_row_RPA_Modules_-_save_results": {
          "runAfter": {
            "Run_a_flow_built_with_Power_Automate_for_desktop": [
              "Succeeded"
            ]
          },
          "metadata": {
            "operationMetadataId": "f6e4d072-7596-467e-9f49-c199e5e8153d"
          },
          "type": "OpenApiConnection",
          "inputs": {
            "host": {
              "connectionName": "shared_commondataserviceforapps",
              "operationId": "UpdateRecord",
              "apiId": "/providers/Microsoft.PowerApps/apis/shared_commondataserviceforapps"
            },
            "parameters": {
              "entityName": "rpakit_rpamodules",
              "recordId": "@variables('RPA Module record id')",
              "item/rpakit_caserunlog": "@outputs('Run_a_flow_built_with_Power_Automate_for_desktop')?['body/OutputLog']",
              "item/rpakit_failedcases": "@outputs('Run_a_flow_built_with_Power_Automate_for_desktop')?['body/FailCount']",
              "item/rpakit_lastautomatictestresult": "@if(equals('0', outputs('Run_a_flow_built_with_Power_Automate_for_desktop')?['body/FailCount']), 343970000, 343970001)",
              "item/rpakit_lastendtime": "@utcNow()",
              "item/rpakit_successfulcases": "@outputs('Run_a_flow_built_with_Power_Automate_for_desktop')?['body/SuccessCount']"
            },
            "authentication": {
              "type": "Raw",
              "value": "@json(decodeBase64(triggerOutputs().headers['X-MS-APIM-Tokens']))['$ConnectionKey']"
            }
          }
        },
        "Add_a_new_row_Test_Case_Histories": {
          "runAfter": {
            "Update_a_row_RPA_Modules_-_save_results": [
              "Succeeded"
            ]
          },
          "metadata": {
            "operationMetadataId": "8e0ba1d2-037d-4735-876d-5d7ba2ebb1ea"
          },
          "type": "OpenApiConnection",
          "inputs": {
            "host": {
              "connectionName": "shared_commondataserviceforapps",
              "operationId": "CreateRecord",
              "apiId": "/providers/Microsoft.PowerApps/apis/shared_commondataserviceforapps"
            },
            "parameters": {
              "entityName": "rpakit_testrunhistories",
              "item/rpakit_completed": "@utcNow()",
              "item/rpakit_failurecount": "@outputs('Run_a_flow_built_with_Power_Automate_for_desktop')?['body/FailCount']",
              "item/rpakit_overallstatus": "@if(equals('0', outputs('Run_a_flow_built_with_Power_Automate_for_desktop')?['body/FailCount']), 343970000, 343970001)",
              "item/rpakit_RPAModule@odata.bind": "rpakit_rpamodules(@{outputs('Update_a_row_RPA_Modules_-_save_start_time')?['body/rpakit_rpamoduleid']})",
              "item/rpakit_runtype": "@if(equals(triggerBody()['boolean'], true), 343970001, 343970000)",
              "item/rpakit_successcount": "@outputs('Run_a_flow_built_with_Power_Automate_for_desktop')?['body/SuccessCount']"
            },
            "authentication": {
              "type": "Raw",
              "value": "@json(decodeBase64(triggerOutputs().headers['X-MS-APIM-Tokens']))['$ConnectionKey']"
            }
          }
        },
        "Respond_to_a_PowerApp_or_flow": {
          "runAfter": {
            "Add_a_new_row_Test_Case_Histories": [
              "Succeeded"
            ]
          },
          "metadata": {
            "operationMetadataId": "dec15177-93d5-4f58-af40-cd4bfe1182bf"
          },
          "type": "Response",
          "kind": "PowerApp",
          "inputs": {
            "statusCode": 200,
            "body": {},
            "schema": {
              "type": "object",
              "properties": {}
            }
          }
        }
      }
    }
  },
  "schemaVersion": "1.0.0.0"
}