<ImportExportXml version="9.2.22032.146" SolutionPackageVersion="9.2" languagecode="1033" generatedBy="CrmLive" xmlns:xsi="http://www.w3.org/2001/XMLSchema-instance">
  <SolutionManifest>
    <UniqueName>EPAExample</UniqueName>
    <LocalizedNames>
      <LocalizedName description="EPA Example" languagecode="1033" />
    </LocalizedNames>
    <Descriptions />
    <Version>0.0.1.22</Version>
    <Managed>0</Managed>
    <Publisher>
      <UniqueName>MichalRok</UniqueName>
      <LocalizedNames>
        <LocalizedName description="Michal Rok" languagecode="1033" />
      </LocalizedNames>
      <Descriptions />
      <EMailAddress xsi:nil="true"></EMailAddress>
      <SupportingWebsiteUrl xsi:nil="true"></SupportingWebsiteUrl>
      <CustomizationPrefix>mrok</CustomizationPrefix>
      <CustomizationOptionValuePrefix>45233</CustomizationOptionValuePrefix>
      <Addresses>
        <Address>
          <AddressNumber>1</AddressNumber>
          <AddressTypeCode>1</AddressTypeCode>
          <City xsi:nil="true"></City>
          <County xsi:nil="true"></County>
          <Country xsi:nil="true"></Country>
          <Fax xsi:nil="true"></Fax>
          <FreightTermsCode xsi:nil="true"></FreightTermsCode>
          <ImportSequenceNumber xsi:nil="true"></ImportSequenceNumber>
          <Latitude xsi:nil="true"></Latitude>
          <Line1 xsi:nil="true"></Line1>
          <Line2 xsi:nil="true"></Line2>
          <Line3 xsi:nil="true"></Line3>
          <Longitude xsi:nil="true"></Longitude>
          <Name xsi:nil="true"></Name>
          <PostalCode xsi:nil="true"></PostalCode>
          <PostOfficeBox xsi:nil="true"></PostOfficeBox>
          <PrimaryContactName xsi:nil="true"></PrimaryContactName>
          <ShippingMethodCode>1</ShippingMethodCode>
          <StateOrProvince xsi:nil="true"></StateOrProvince>
          <Telephone1 xsi:nil="true"></Telephone1>
          <Telephone2 xsi:nil="true"></Telephone2>
          <Telephone3 xsi:nil="true"></Telephone3>
          <TimeZoneRuleVersionNumber xsi:nil="true"></TimeZoneRuleVersionNumber>
          <UPSZone xsi:nil="true"></UPSZone>
          <UTCOffset xsi:nil="true"></UTCOffset>
          <UTCConversionTimeZoneCode xsi:nil="true"></UTCConversionTimeZoneCode>
        </Address>
        <Address>
          <AddressNumber>2</AddressNumber>
          <AddressTypeCode>1</AddressTypeCode>
          <City xsi:nil="true"></City>
          <County xsi:nil="true"></County>
          <Country xsi:nil="true"></Country>
          <Fax xsi:nil="true"></Fax>
          <FreightTermsCode xsi:nil="true"></FreightTermsCode>
          <ImportSequenceNumber xsi:nil="true"></ImportSequenceNumber>
          <Latitude xsi:nil="true"></Latitude>
          <Line1 xsi:nil="true"></Line1>
          <Line2 xsi:nil="true"></Line2>
          <Line3 xsi:nil="true"></Line3>
          <Longitude xsi:nil="true"></Longitude>
          <Name xsi:nil="true"></Name>
          <PostalCode xsi:nil="true"></PostalCode>
          <PostOfficeBox xsi:nil="true"></PostOfficeBox>
          <PrimaryContactName xsi:nil="true"></PrimaryContactName>
          <ShippingMethodCode>1</ShippingMethodCode>
          <StateOrProvince xsi:nil="true"></StateOrProvince>
          <Telephone1 xsi:nil="true"></Telephone1>
          <Telephone2 xsi:nil="true"></Telephone2>
          <Telephone3 xsi:nil="true"></Telephone3>
          <TimeZoneRuleVersionNumber xsi:nil="true"></TimeZoneRuleVersionNumber>
          <UPSZone xsi:nil="true"></UPSZone>
          <UTCOffset xsi:nil="true"></UTCOffset>
          <UTCConversionTimeZoneCode xsi:nil="true"></UTCConversionTimeZoneCode>
        </Address>
      </Addresses>
    </Publisher>
    <RootComponents>
      <RootComponent type="29" id="{0d678aa2-70ba-42d3-aff9-341b89d2a53a}" behavior="0" />
      <RootComponent type="29" id="{40649b82-1c42-46b7-b7e1-114484f48f20}" behavior="0" />
      <RootComponent type="29" id="{57be1988-5e99-ec11-b400-000d3abf3b6c}" behavior="0" />
      <RootComponent type="29" id="{76a04bad-4a99-ec11-b400-000d3abf3b6c}" behavior="0" />
      <RootComponent type="29" id="{7c3c0b11-6199-ec11-b400-000d3abf3b6c}" behavior="0" />
      <RootComponent type="29" id="{ac6c1187-c6d4-46ab-b119-357889bfe6e0}" behavior="0" />
      <RootComponent type="29" id="{ce657b04-befe-490a-99be-10bfa0d7abec}" behavior="0" />
    </RootComponents>
    <MissingDependencies>
      <MissingDependency>
        <Required type="1" schemaName="rpakit_rpamodule" displayName="RPA Module" solution="OrchestrationCenter (1.0.0.26)" />
        <Dependent type="29" displayName="[EPA] Ad-hoc test case run" id="{57be1988-5e99-ec11-b400-000d3abf3b6c}" />
      </MissingDependency>
      <MissingDependency>
        <Required type="1" schemaName="rpakit_rpamodule" displayName="RPA Module" solution="OrchestrationCenter (1.0.0.26)" />
        <Dependent type="29" displayName="[EPA] Run test cases (child)" id="{76a04bad-4a99-ec11-b400-000d3abf3b6c}" />
      </MissingDependency>
      <MissingDependency>
        <Required type="1" schemaName="rpakit_testrunhistory" displayName="Test Run History" solution="OrchestrationCenter (1.0.0.26)" />
        <Dependent type="29" displayName="[EPA] Run test cases (child)" id="{76a04bad-4a99-ec11-b400-000d3abf3b6c}" />
      </MissingDependency>
      <MissingDependency>
        <Required type="2" schemaName="rpakit_runtestnow" displayName="Run test now" parentSchemaName="rpakit_rpamodule" parentDisplayName="RPA Module" solution="OrchestrationCenter (1.0.0.26)" />
        <Dependent type="29" displayName="[EPA] Ad-hoc test case run" id="{57be1988-5e99-ec11-b400-000d3abf3b6c}" />
      </MissingDependency>
      <MissingDependency>
        <Required type="connectionreference" displayName="rpakit_sharedcommondataserviceforapps_947e5" solution="OrchestrationCenter (1.0.0.26)" id.connectionreferencelogicalname="rpakit_sharedcommondataserviceforapps_947e5" />
        <Dependent type="29" displayName="[EPA] Run test cases (child)" id="{76a04bad-4a99-ec11-b400-000d3abf3b6c}" />
      </MissingDependency>
    </MissingDependencies>
  </SolutionManifest>
</ImportExportXml>