<ImportExportXml version="9.2.22051.142" SolutionPackageVersion="9.2" languagecode="1033" generatedBy="CrmLive" xmlns:xsi="http://www.w3.org/2001/XMLSchema-instance">
  <SolutionManifest>
    <UniqueName>PayloadBig</UniqueName>
    <LocalizedNames>
      <LocalizedName description="PayloadBig" languagecode="1033" />
    </LocalizedNames>
    <Descriptions />
    <Version>1.1.0</Version>
    <Managed>0</Managed>
    <Publisher>
      <UniqueName>RPAkit</UniqueName>
      <LocalizedNames>
        <LocalizedName description="RPAkit" languagecode="1033" />
      </LocalizedNames>
      <Descriptions />
      <EMailAddress xsi:nil="true"></EMailAddress>
      <SupportingWebsiteUrl xsi:nil="true"></SupportingWebsiteUrl>
      <CustomizationPrefix>rpakit</CustomizationPrefix>
      <CustomizationOptionValuePrefix>34397</CustomizationOptionValuePrefix>
      <Addresses>
        <Address>
          <AddressNumber>1</AddressNumber>
          <AddressTypeCode>1</AddressTypeCode>
          <City xsi:nil="true"></City>
          <County xsi:nil="true"></County>
          <Country xsi:nil="true"></Country>
          <Fax xsi:nil="true"></Fax>
          <FreightTermsCode xsi:nil="true"></FreightTermsCode>
          <ImportSequenceNumber xsi:nil="true"></ImportSequenceNumber>
          <Latitude xsi:nil="true"></Latitude>
          <Line1 xsi:nil="true"></Line1>
          <Line2 xsi:nil="true"></Line2>
          <Line3 xsi:nil="true"></Line3>
          <Longitude xsi:nil="true"></Longitude>
          <Name xsi:nil="true"></Name>
          <PostalCode xsi:nil="true"></PostalCode>
          <PostOfficeBox xsi:nil="true"></PostOfficeBox>
          <PrimaryContactName xsi:nil="true"></PrimaryContactName>
          <ShippingMethodCode>1</ShippingMethodCode>
          <StateOrProvince xsi:nil="true"></StateOrProvince>
          <Telephone1 xsi:nil="true"></Telephone1>
          <Telephone2 xsi:nil="true"></Telephone2>
          <Telephone3 xsi:nil="true"></Telephone3>
          <TimeZoneRuleVersionNumber xsi:nil="true"></TimeZoneRuleVersionNumber>
          <UPSZone xsi:nil="true"></UPSZone>
          <UTCOffset xsi:nil="true"></UTCOffset>
          <UTCConversionTimeZoneCode xsi:nil="true"></UTCConversionTimeZoneCode>
        </Address>
        <Address>
          <AddressNumber>2</AddressNumber>
          <AddressTypeCode>1</AddressTypeCode>
          <City xsi:nil="true"></City>
          <County xsi:nil="true"></County>
          <Country xsi:nil="true"></Country>
          <Fax xsi:nil="true"></Fax>
          <FreightTermsCode xsi:nil="true"></FreightTermsCode>
          <ImportSequenceNumber xsi:nil="true"></ImportSequenceNumber>
          <Latitude xsi:nil="true"></Latitude>
          <Line1 xsi:nil="true"></Line1>
          <Line2 xsi:nil="true"></Line2>
          <Line3 xsi:nil="true"></Line3>
          <Longitude xsi:nil="true"></Longitude>
          <Name xsi:nil="true"></Name>
          <PostalCode xsi:nil="true"></PostalCode>
          <PostOfficeBox xsi:nil="true"></PostOfficeBox>
          <PrimaryContactName xsi:nil="true"></PrimaryContactName>
          <ShippingMethodCode>1</ShippingMethodCode>
          <StateOrProvince xsi:nil="true"></StateOrProvince>
          <Telephone1 xsi:nil="true"></Telephone1>
          <Telephone2 xsi:nil="true"></Telephone2>
          <Telephone3 xsi:nil="true"></Telephone3>
          <TimeZoneRuleVersionNumber xsi:nil="true"></TimeZoneRuleVersionNumber>
          <UPSZone xsi:nil="true"></UPSZone>
          <UTCOffset xsi:nil="true"></UTCOffset>
          <UTCConversionTimeZoneCode xsi:nil="true"></UTCConversionTimeZoneCode>
        </Address>
      </Addresses>
    </Publisher>
    <RootComponents>
      <RootComponent type="1" schemaName="rpakit_workitem" behavior="2" />
      <RootComponent type="20" id="{0749d875-52c6-ec11-a7b6-000d3a666448}" behavior="0" />
      <RootComponent type="29" id="{37715b9b-744c-40d9-bef3-47b255b799cd}" behavior="0" />
      <RootComponent type="29" id="{996d2f91-50c6-ec11-a7b6-000d3a666448}" behavior="0" />
    </RootComponents>
    <MissingDependencies>
      <MissingDependency>
        <Required type="1" schemaName="rpakit_workitem" displayName="Work Item" solution="OrchestrationCenter (1.0.0.39)" />
        <Dependent type="1" schemaName="rpakit_workitem" displayName="Work Item" />
      </MissingDependency>
      <MissingDependency>
        <Required type="1" schemaName="rpakit_workitemhistory" displayName="Work Item History" solution="OrchestrationCenter (1.0.0.39)" />
        <Dependent type="60" displayName="Information" parentDisplayName="Work Item" id="{fa623d2c-57cd-49c3-9f8a-08037e9be027}" />
      </MissingDependency>
      <MissingDependency>
        <Required type="10" schemaName="rpakit_WorkItemHistory_rpakit_WorkItem_rp" displayName="rpakit_WorkItemHistory_rpakit_WorkItem_rp" parentSchemaName="rpakit_workitemhistory" parentDisplayName="Work Item History" solution="OrchestrationCenter (1.0.0.39)" />
        <Dependent type="60" displayName="Information" parentDisplayName="Work Item" id="{fa623d2c-57cd-49c3-9f8a-08037e9be027}" />
      </MissingDependency>
      <MissingDependency>
        <Required type="2" schemaName="createdon" displayName="Created On" parentSchemaName="rpakit_workitem" parentDisplayName="Work Item" solution="OrchestrationCenter (1.0.0.39)" />
        <Dependent type="60" displayName="Information" parentDisplayName="Work Item" id="{fa623d2c-57cd-49c3-9f8a-08037e9be027}" />
      </MissingDependency>
      <MissingDependency>
        <Required type="2" schemaName="ownerid" displayName="Owner" parentSchemaName="rpakit_workitem" parentDisplayName="Work Item" solution="Active" />
        <Dependent type="60" displayName="Information" parentDisplayName="Work Item" id="{fa623d2c-57cd-49c3-9f8a-08037e9be027}" />
      </MissingDependency>
      <MissingDependency>
        <Required type="2" schemaName="rpakit_completedon" displayName="Completed On" parentSchemaName="rpakit_workitem" parentDisplayName="Work Item" solution="OrchestrationCenter (1.0.0.39)" />
        <Dependent type="60" displayName="Information" parentDisplayName="Work Item" id="{fa623d2c-57cd-49c3-9f8a-08037e9be027}" />
      </MissingDependency>
      <MissingDependency>
        <Required type="2" schemaName="rpakit_executionstatus" displayName="Execution status" parentSchemaName="rpakit_workitem" parentDisplayName="Work Item" solution="OrchestrationCenter (1.0.0.39)" />
        <Dependent type="60" displayName="Information" parentDisplayName="Work Item" id="{fa623d2c-57cd-49c3-9f8a-08037e9be027}" />
      </MissingDependency>
      <MissingDependency>
        <Required type="2" schemaName="rpakit_mostrecentstatus" displayName="Most recent status" parentSchemaName="rpakit_workitem" parentDisplayName="Work Item" solution="OrchestrationCenter (1.0.0.39)" />
        <Dependent type="60" displayName="Information" parentDisplayName="Work Item" id="{fa623d2c-57cd-49c3-9f8a-08037e9be027}" />
      </MissingDependency>
      <MissingDependency>
        <Required type="2" schemaName="rpakit_name" displayName="Item ID" parentSchemaName="rpakit_workitem" parentDisplayName="Work Item" solution="OrchestrationCenter (1.0.0.39)" />
        <Dependent type="60" displayName="Information" parentDisplayName="Work Item" id="{fa623d2c-57cd-49c3-9f8a-08037e9be027}" />
      </MissingDependency>
      <MissingDependency>
        <Required type="2" schemaName="rpakit_payload" displayName="Payload" parentSchemaName="rpakit_workitem" parentDisplayName="Work Item" solution="OrchestrationCenter (1.0.0.39)" />
        <Dependent type="60" displayName="Information" parentDisplayName="Work Item" id="{fa623d2c-57cd-49c3-9f8a-08037e9be027}" />
      </MissingDependency>
      <MissingDependency>
        <Required type="2" schemaName="rpakit_payloadoutput" displayName="Payload Output" parentSchemaName="rpakit_workitem" parentDisplayName="Work Item" solution="OrchestrationCenter (1.0.0.39)" />
        <Dependent type="60" displayName="Information" parentDisplayName="Work Item" id="{fa623d2c-57cd-49c3-9f8a-08037e9be027}" />
      </MissingDependency>
      <MissingDependency>
        <Required type="2" schemaName="rpakit_retrypolicy" displayName="Retry policy" parentSchemaName="rpakit_workitem" parentDisplayName="Work Item" solution="OrchestrationCenter (1.0.0.39)" />
        <Dependent type="60" displayName="Information" parentDisplayName="Work Item" id="{fa623d2c-57cd-49c3-9f8a-08037e9be027}" />
      </MissingDependency>
      <MissingDependency>
        <Required type="2" schemaName="rpakit_runattempts" displayName="Run attempts" parentSchemaName="rpakit_workitem" parentDisplayName="Work Item" solution="OrchestrationCenter (1.0.0.39)" />
        <Dependent type="60" displayName="Information" parentDisplayName="Work Item" id="{fa623d2c-57cd-49c3-9f8a-08037e9be027}" />
      </MissingDependency>
      <MissingDependency>
        <Required type="2" schemaName="rpakit_sladeadline" displayName="SLA Deadline" parentSchemaName="rpakit_workitem" parentDisplayName="Work Item" solution="OrchestrationCenter (1.0.0.39)" />
        <Dependent type="60" displayName="Information" parentDisplayName="Work Item" id="{fa623d2c-57cd-49c3-9f8a-08037e9be027}" />
      </MissingDependency>
      <MissingDependency>
        <Required type="2" schemaName="rpakit_tags" displayName="Tags" parentSchemaName="rpakit_workitem" parentDisplayName="Work Item" solution="OrchestrationCenter (1.0.0.39)" />
        <Dependent type="60" displayName="Information" parentDisplayName="Work Item" id="{fa623d2c-57cd-49c3-9f8a-08037e9be027}" />
      </MissingDependency>
      <MissingDependency>
        <Required type="2" schemaName="rpakit_type" displayName="Type" parentSchemaName="rpakit_workitem" parentDisplayName="Work Item" solution="OrchestrationCenter (1.0.0.39)" />
        <Dependent type="60" displayName="Information" parentDisplayName="Work Item" id="{fa623d2c-57cd-49c3-9f8a-08037e9be027}" />
      </MissingDependency>
      <MissingDependency>
        <Required type="26" schemaName="Active Work Item Histories" displayName="Active Work Item Histories" parentSchemaName="rpakit_workitemhistory" parentDisplayName="Work Item History" solution="OrchestrationCenter (1.0.0.39)" id="{f8c8a17f-1c12-485b-a3db-4ac0ec858ff3}" />
        <Dependent type="60" displayName="Information" parentDisplayName="Work Item" id="{fa623d2c-57cd-49c3-9f8a-08037e9be027}" />
      </MissingDependency>
      <MissingDependency>
        <Required type="connectionreference" displayName="mrok_Dataverse" solution="EPAExample (0.0.1.23)" id.connectionreferencelogicalname="mrok_Dataverse" />
        <Dependent type="29" displayName="Run desktop flow with Payload Big" id="{996d2f91-50c6-ec11-a7b6-000d3a666448}" />
      </MissingDependency>
      <MissingDependency>
        <Required type="EnvironmentVariableDefinition" displayName="mrok_DataverseAccessObjectkeyvaultsecretname" solution="EPAExample (0.0.1.23)" id.schemaname="mrok_DataverseAccessObjectkeyvaultsecretname" />
        <Dependent type="29" displayName="Run desktop flow with Payload Big" id="{996d2f91-50c6-ec11-a7b6-000d3a666448}" />
      </MissingDependency>
    </MissingDependencies>
  </SolutionManifest>
</ImportExportXml>