<ImportExportXml version="9.2.22103.194" SolutionPackageVersion="9.2" languagecode="1033" generatedBy="CrmLive" xmlns:xsi="http://www.w3.org/2001/XMLSchema-instance">
  <SolutionManifest>
    <UniqueName>OrchestrationCenter</UniqueName>
    <LocalizedNames>
      <LocalizedName description="Orchestration Center" languagecode="1033" />
    </LocalizedNames>
    <Descriptions />
    <Version>1.1.0.19</Version>
    <Managed>1</Managed>
    <Publisher>
      <UniqueName>RPAkit</UniqueName>
      <LocalizedNames>
        <LocalizedName description="RPAkit" languagecode="1033" />
      </LocalizedNames>
      <Descriptions />
      <EMailAddress xsi:nil="true"></EMailAddress>
      <SupportingWebsiteUrl xsi:nil="true"></SupportingWebsiteUrl>
      <CustomizationPrefix>rpakit</CustomizationPrefix>
      <CustomizationOptionValuePrefix>34397</CustomizationOptionValuePrefix>
      <Addresses>
        <Address>
          <AddressNumber>1</AddressNumber>
          <AddressTypeCode>1</AddressTypeCode>
          <City xsi:nil="true"></City>
          <County xsi:nil="true"></County>
          <Country xsi:nil="true"></Country>
          <Fax xsi:nil="true"></Fax>
          <FreightTermsCode xsi:nil="true"></FreightTermsCode>
          <ImportSequenceNumber xsi:nil="true"></ImportSequenceNumber>
          <Latitude xsi:nil="true"></Latitude>
          <Line1 xsi:nil="true"></Line1>
          <Line2 xsi:nil="true"></Line2>
          <Line3 xsi:nil="true"></Line3>
          <Longitude xsi:nil="true"></Longitude>
          <Name xsi:nil="true"></Name>
          <PostalCode xsi:nil="true"></PostalCode>
          <PostOfficeBox xsi:nil="true"></PostOfficeBox>
          <PrimaryContactName xsi:nil="true"></PrimaryContactName>
          <ShippingMethodCode>1</ShippingMethodCode>
          <StateOrProvince xsi:nil="true"></StateOrProvince>
          <Telephone1 xsi:nil="true"></Telephone1>
          <Telephone2 xsi:nil="true"></Telephone2>
          <Telephone3 xsi:nil="true"></Telephone3>
          <TimeZoneRuleVersionNumber xsi:nil="true"></TimeZoneRuleVersionNumber>
          <UPSZone xsi:nil="true"></UPSZone>
          <UTCOffset xsi:nil="true"></UTCOffset>
          <UTCConversionTimeZoneCode xsi:nil="true"></UTCConversionTimeZoneCode>
        </Address>
        <Address>
          <AddressNumber>2</AddressNumber>
          <AddressTypeCode>1</AddressTypeCode>
          <City xsi:nil="true"></City>
          <County xsi:nil="true"></County>
          <Country xsi:nil="true"></Country>
          <Fax xsi:nil="true"></Fax>
          <FreightTermsCode xsi:nil="true"></FreightTermsCode>
          <ImportSequenceNumber xsi:nil="true"></ImportSequenceNumber>
          <Latitude xsi:nil="true"></Latitude>
          <Line1 xsi:nil="true"></Line1>
          <Line2 xsi:nil="true"></Line2>
          <Line3 xsi:nil="true"></Line3>
          <Longitude xsi:nil="true"></Longitude>
          <Name xsi:nil="true"></Name>
          <PostalCode xsi:nil="true"></PostalCode>
          <PostOfficeBox xsi:nil="true"></PostOfficeBox>
          <PrimaryContactName xsi:nil="true"></PrimaryContactName>
          <ShippingMethodCode>1</ShippingMethodCode>
          <StateOrProvince xsi:nil="true"></StateOrProvince>
          <Telephone1 xsi:nil="true"></Telephone1>
          <Telephone2 xsi:nil="true"></Telephone2>
          <Telephone3 xsi:nil="true"></Telephone3>
          <TimeZoneRuleVersionNumber xsi:nil="true"></TimeZoneRuleVersionNumber>
          <UPSZone xsi:nil="true"></UPSZone>
          <UTCOffset xsi:nil="true"></UTCOffset>
          <UTCConversionTimeZoneCode xsi:nil="true"></UTCConversionTimeZoneCode>
        </Address>
      </Addresses>
    </Publisher>
    <RootComponents>
      <RootComponent type="1" schemaName="rpakit_job" behavior="0" />
      <RootComponent type="1" schemaName="rpakit_jobrun" behavior="0" />
      <RootComponent type="1" schemaName="rpakit_tagrule" behavior="0" />
      <RootComponent type="1" schemaName="rpakit_workitem" behavior="0" />
      <RootComponent type="1" schemaName="rpakit_workitemhistory" behavior="0" />
      <RootComponent type="9" schemaName="rpakit_automatictestcycle" behavior="0" />
      <RootComponent type="9" schemaName="rpakit_executionstatus" behavior="0" />
      <RootComponent type="9" schemaName="rpakit_executiontype" behavior="0" />
      <RootComponent type="9" schemaName="rpakit_jobcontrol" behavior="0" />
      <RootComponent type="9" schemaName="rpakit_jobstatuses" behavior="0" />
      <RootComponent type="9" schemaName="rpakit_retrypolicy" behavior="0" />
      <RootComponent type="9" schemaName="rpakit_tags" behavior="0" />
      <RootComponent type="9" schemaName="rpakit_type" behavior="0" />
      <RootComponent type="20" id="{d5b2b732-b198-ec11-b400-000d3adce6b6}" behavior="0" />
      <RootComponent type="20" id="{e2ac9e61-e2b3-ec11-983e-000d3a39e201}" behavior="0" />
      <RootComponent type="20" id="{f687bd6e-b332-ed11-9db1-000d3adeab88}" behavior="0" />
      <RootComponent type="29" id="{14a6703a-cc98-ec11-b400-000d3adce6b6}" behavior="0" />
      <RootComponent type="29" id="{26cf82b2-a7c7-4401-aab8-42954a035e3b}" behavior="0" />
      <RootComponent type="29" id="{33aa0d73-e279-ec11-8d21-0022489d1607}" behavior="0" />
      <RootComponent type="29" id="{43ed4e2b-508f-ec11-b400-000d3aba34d7}" behavior="0" />
      <RootComponent type="29" id="{88fad7f2-9c7a-ec11-8d21-0022489d1607}" behavior="0" />
      <RootComponent type="29" id="{8998e902-c496-437b-8246-18f8bf354aa3}" behavior="0" />
      <RootComponent type="29" id="{986c23e5-957a-ec11-8d21-0022489d1607}" behavior="0" />
      <RootComponent type="60" id="{54f5f502-a67d-ec11-8d21-0022489f0cb9}" behavior="0" />
      <RootComponent type="60" id="{870e1020-df79-ec11-8d21-0022489d1607}" behavior="0" />
      <RootComponent type="61" schemaName="msdyn_/Icons/AnalysisJob.svg" behavior="0" />
      <RootComponent type="61" schemaName="rpakit_icnpause" behavior="0" />
      <RootComponent type="61" schemaName="rpakit_icnplay" behavior="0" />
      <RootComponent type="61" schemaName="rpakit_icnplaypause" behavior="0" />
      <RootComponent type="61" schemaName="rpakit_icnstop" behavior="0" />
      <RootComponent type="61" schemaName="rpakit_listicons" behavior="0" />
      <RootComponent type="62" schemaName="rpakit_OrchestrationCenter" behavior="0" />
      <RootComponent type="80" schemaName="rpakit_OrchestrationCenter" behavior="0" />
    </RootComponents>
    <MissingDependencies>
      <MissingDependency>
        <Required type="1" schemaName="flowsession" displayName="Flow Session" solution="MicrosoftFlowExtensionsCore (1.4.7.1)">
          <package>MicrosoftFlowExtensionsAnchor (1.4.7.1)</package>
        </Required>
        <Dependent type="29" displayName="Get machine run data by Run ID" id="{14a6703a-cc98-ec11-b400-000d3adce6b6}" />
      </MissingDependency>
      <MissingDependency>
        <Required type="61" schemaName="msdyn_/Icons/AnalysisJob.svg" displayName="msdyn_/Icons/AnalysisJob.svg" solution="msdyn_PowerAppsChecker (1.2.0.198)" />
        <Dependent type="1" schemaName="rpakit_job" displayName="Batch Job" />
      </MissingDependency>
      <MissingDependency>
        <Required type="61" schemaName="msdyn_/Icons/AnalysisJob.svg" displayName="msdyn_/Icons/AnalysisJob.svg" solution="msdyn_PowerAppsChecker (1.2.0.198)" />
        <Dependent type="61" schemaName="msdyn_/Icons/AnalysisJob.svg" displayName="msdyn_/Icons/AnalysisJob.svg" />
      </MissingDependency>
      <MissingDependency>
        <Required type="61" schemaName="msdyn_/Images/AppModule_Default_Icon.png" displayName="msdyn_/Images/AppModule_Default_Icon.png" solution="AppModuleWebResources (2.5)" />
        <Dependent type="80" schemaName="rpakit_OrchestrationCenter" displayName="Orchestration Center" />
      </MissingDependency>
    </MissingDependencies>
  </SolutionManifest>
</ImportExportXml>