{"properties":{"connectionReferences":{"shared_commondataserviceforapps":{"runtimeSource":"embedded","connection":{"connectionReferenceLogicalName":"rpakit_sharedcommondataserviceforapps_947e5"},"api":{"name":"shared_commondataserviceforapps"}}},"definition":{"$schema":"https://schema.management.azure.com/providers/Microsoft.Logic/schemas/2016-06-01/workflowdefinition.json#","contentVersion":"1.0.0.0","parameters":{"$connections":{"defaultValue":{},"type":"Object"},"$authentication":{"defaultValue":{},"type":"SecureObject"}},"triggers":{"When_a_row_is_added,_modified_or_deleted":{"metadata":{"operationMetadataId":"e13b85f1-99ce-471f-bfdb-4b077d2aa159"},"type":"OpenApiConnectionWebhook","inputs":{"host":{"connectionName":"shared_commondataserviceforapps","operationId":"SubscribeWebhookTrigger","apiId":"/providers/Microsoft.PowerApps/apis/shared_commondataserviceforapps"},"parameters":{"subscriptionRequest/message":3,"subscriptionRequest/entityname":"rpakit_workitem","subscriptionRequest/scope":4,"subscriptionRequest/filteringattributes":"rpakit_executionstatus","subscriptionRequest/filterexpression":"rpakit_executionstatus eq 343970003 and rpakit_runattempts eq 1 and rpakit_retrypolicy eq 343970001"},"authentication":"@parameters('$authentication')"}}},"actions":{"Update_a_row":{"runAfter":{"Delay":["Succeeded"]},"metadata":{"operationMetadataId":"86e05efc-ee42-4ff4-b709-f84f40120b8f"},"type":"OpenApiConnection","inputs":{"host":{"connectionName":"shared_commondataserviceforapps","operationId":"UpdateRecord","apiId":"/providers/Microsoft.PowerApps/apis/shared_commondataserviceforapps"},"parameters":{"entityName":"rpakit_workitems","recordId":"@triggerOutputs()?['body/rpakit_workitemid']","item/rpakit_executionstatus":343970001,"item/rpakit_tags":"@{if(empty(triggerOutputs()?['body/rpakit_tags']),'',concat(triggerOutputs()?['body/rpakit_tags'],','))}343970005"},"authentication":"@parameters('$authentication')"}},"Delay":{"runAfter":{},"metadata":{"operationMetadataId":"e397f8a8-962d-49bd-b308-3f4f9b9807a4"},"type":"Wait","inputs":{"interval":{"count":10,"unit":"Minute"}}}}}},"schemaVersion":"1.0.0.0"}