{
  "properties": {
    "connectionReferences": {
      "shared_uiflow": {
        "runtimeSource": "invoker",
        "connection": {
          "connectionReferenceLogicalName": "rpakit_Desktopflows"
        },
        "api": {
          "name": "shared_uiflow"
        }
      },
      "shared_keyvault_1": {
        "runtimeSource": "invoker",
        "connection": {
          "connectionReferenceLogicalName": "rpakit_AzureKV"
        },
        "api": {
          "name": "shared_keyvault"
        }
      },
      "shared_commondataserviceforapps": {
        "runtimeSource": "embedded",
        "connection": {
          "connectionReferenceLogicalName": "mrok_Dataverse"
        },
        "api": {
          "name": "shared_commondataserviceforapps"
        }
      }
    },
    "definition": {
      "$schema": "https://schema.management.azure.com/providers/Microsoft.Logic/schemas/2016-06-01/workflowdefinition.json#",
      "contentVersion": "1.0.0.0",
      "parameters": {
        "$connections": {
          "defaultValue": {},
          "type": "Object"
        },
        "$authentication": {
          "defaultValue": {},
          "type": "SecureObject"
        },
        "Dataverse Access Object key vault secret name - EPA Example (mrok_DataverseAccessObjectkeyvaultsecretname)": {
          "defaultValue": "rpa-toolkit-dao",
          "type": "String",
          "metadata": {
            "schemaName": "mrok_DataverseAccessObjectkeyvaultsecretname"
          }
        }
      },
      "triggers": {
        "manual": {
          "metadata": {
            "operationMetadataId": "0952a628-cdfa-4c0c-a878-fad66b77bc07"
          },
          "type": "Request",
          "kind": "Button",
          "inputs": {
            "schema": {
              "type": "object",
              "properties": {
                "text": {
                  "title": "GUID",
                  "type": "string",
                  "x-ms-dynamically-added": true,
                  "description": "Please enter your input",
                  "x-ms-content-hint": "TEXT"
                }
              },
              "required": [
                "text"
              ]
            }
          }
        }
      },
      "actions": {
        "Run_a_flow_built_with_Power_Automate_for_desktop": {
          "runAfter": {
            "Get_secret": [
              "Succeeded"
            ]
          },
          "metadata": {
            "operationMetadataId": "133fd92b-906c-4355-96b9-254bab933d53"
          },
          "type": "OpenApiConnection",
          "inputs": {
            "host": {
              "connectionName": "shared_uiflow",
              "operationId": "RunUIFlow_V2",
              "apiId": "/providers/Microsoft.PowerApps/apis/shared_uiflow"
            },
            "parameters": {
              "uiFlowId": "37715b9b-744c-40d9-bef3-47b255b799cd",
              "runMode": "unattended",
              "item/Payload": "@outputs('Get_a_row_by_ID')?['body/rpakit_payload']",
              "item/DataverseAccessObject": "@outputs('Get_secret')?['body/value']",
              "item/WorkItem": "@outputs('Get_a_row_by_ID')?['body/rpakit_workitemid']"
            },
            "authentication": {
              "type": "Raw",
              "value": "@json(decodeBase64(triggerOutputs().headers['X-MS-APIM-Tokens']))['$ConnectionKey']"
            }
          }
        },
        "Get_secret": {
          "runAfter": {
            "Get_a_row_by_ID": [
              "Succeeded"
            ]
          },
          "metadata": {
            "operationMetadataId": "9bbc3630-b2f2-4473-b09c-4b2781204941"
          },
          "type": "OpenApiConnection",
          "inputs": {
            "host": {
              "connectionName": "shared_keyvault_1",
              "operationId": "GetSecret",
              "apiId": "/providers/Microsoft.PowerApps/apis/shared_keyvault"
            },
            "parameters": {
              "secretName": "@parameters('Dataverse Access Object key vault secret name - EPA Example (mrok_DataverseAccessObjectkeyvaultsecretname)')"
            },
            "authentication": {
              "type": "Raw",
              "value": "@json(decodeBase64(triggerOutputs().headers['X-MS-APIM-Tokens']))['$ConnectionKey']"
            }
          }
        },
        "Get_a_row_by_ID": {
          "runAfter": {},
          "metadata": {
            "operationMetadataId": "f00baa3c-d2d4-4671-8cf9-088a662311aa"
          },
          "type": "OpenApiConnection",
          "inputs": {
            "host": {
              "connectionName": "shared_commondataserviceforapps",
              "operationId": "GetItem",
              "apiId": "/providers/Microsoft.PowerApps/apis/shared_commondataserviceforapps"
            },
            "parameters": {
              "entityName": "rpakit_workitems",
              "recordId": "@triggerBody()['text']"
            },
            "authentication": {
              "type": "Raw",
              "value": "@json(decodeBase64(triggerOutputs().headers['X-MS-APIM-Tokens']))['$ConnectionKey']"
            }
          }
        }
      },
      "outputs": {}
    }
  },
  "schemaVersion": "1.0.0.0"
}