{"properties":{"connectionReferences":{"shared_commondataserviceforapps":{"runtimeSource":"embedded","connection":{"connectionReferenceLogicalName":"rpakit_sharedcommondataserviceforapps_947e5"},"api":{"name":"shared_commondataserviceforapps"}}},"definition":{"$schema":"https://schema.management.azure.com/providers/Microsoft.Logic/schemas/2016-06-01/workflowdefinition.json#","contentVersion":"1.0.0.0","parameters":{"$connections":{"defaultValue":{},"type":"Object"},"$authentication":{"defaultValue":{},"type":"SecureObject"}},"triggers":{"When_a_row_is_added,_modified_or_deleted":{"metadata":{"operationMetadataId":"57532d87-9abc-4489-9432-58cc59fe2dd2"},"type":"OpenApiConnectionWebhook","inputs":{"host":{"connectionName":"shared_commondataserviceforapps","operationId":"SubscribeWebhookTrigger","apiId":"/providers/Microsoft.PowerApps/apis/shared_commondataserviceforapps"},"parameters":{"subscriptionRequest/message":3,"subscriptionRequest/entityname":"rpakit_rpamodule","subscriptionRequest/scope":4,"subscriptionRequest/filteringattributes":"rpakit_runtestnow","subscriptionRequest/filterexpression":"rpakit_runtestnow eq true and rpakit_name eq 'EPA Website Integration'"},"authentication":"@parameters('$authentication')"}}},"actions":{"Update_a_row":{"runAfter":{},"metadata":{"operationMetadataId":"8c5c48d3-1277-4372-ad04-dba0bd629363"},"type":"OpenApiConnection","inputs":{"host":{"connectionName":"shared_commondataserviceforapps","operationId":"UpdateRecord","apiId":"/providers/Microsoft.PowerApps/apis/shared_commondataserviceforapps"},"parameters":{"entityName":"rpakit_rpamodules","recordId":"@triggerOutputs()?['body/rpakit_rpamoduleid']","item/rpakit_runtestnow":false},"authentication":"@parameters('$authentication')"}},"Run_a_Child_Flow":{"runAfter":{"Update_a_row":["Succeeded"]},"metadata":{"operationMetadataId":"85f9149c-5946-4f67-a5fa-95141ade9a61"},"type":"Workflow","inputs":{"host":{"workflowReferenceName":"76a04bad-4a99-ec11-b400-000d3abf3b6c"},"body":{"boolean":false}}}},"outputs":{}}},"schemaVersion":"1.0.0.0"}