<appaction uniquename="rpakit_Restartexecution!efd170747d4f4360ba62a24f5cb4e9dd!rpakit_OrchestrationCenter!rpakit_workitem!0">
  <appmoduleid>
    <uniquename>rpakit_OrchestrationCenter</uniquename>
  </appmoduleid>
  <buttonlabeltext default="Restart execution">
    <label description="Restart execution" languagecode="1033" />
  </buttonlabeltext>
  <buttonsequencepriority>47.5000000000</buttonsequencepriority>
  <context>1</context>
  <contextentity>
    <logicalname>rpakit_workitem</logicalname>
  </contextentity>
  <contextvalue>rpakit_workitem</contextvalue>
  <fonticon>RefreshDevice</fonticon>
  <hidden>0</hidden>
  <iscustomizable>1</iscustomizable>
  <isgrouptitlehidden>0</isgrouptitlehidden>
  <location>0</location>
  <name>Restartexecution!efd170747d4f4360ba62a24f5cb4e9dd</name>
  <onclickeventformulacomponentlibrary>6f48e188-1461-4cb3-a3be-db762c341cab</onclickeventformulacomponentlibrary>
  <onclickeventformulacomponentlibraryid>
    <name>rpakit_orchestrationcenterdefaultcommandlibrary_d920b</name>
  </onclickeventformulacomponentlibraryid>
  <onclickeventformulacomponentname>083411f9c50547e1951d8f9471817a90</onclickeventformulacomponentname>
  <onclickeventformulafunctionname>OnSelect</onclickeventformulafunctionname>
  <onclickeventtype>1</onclickeventtype>
  <statecode>0</statecode>
  <statuscode>1</statuscode>
  <type>0</type>
</appaction>