{
  "properties": {
    "connectionReferences": {},
    "definition": {
      "$schema": "https://schema.management.azure.com/providers/Microsoft.Logic/schemas/2016-06-01/workflowdefinition.json#",
      "contentVersion": "1.0.0.0",
      "parameters": {
        "$authentication": {
          "defaultValue": {},
          "type": "SecureObject"
        }
      },
      "triggers": {
        "Recurrence": {
          "recurrence": {
            "frequency": "Hour",
            "interval": 1
          },
          "metadata": {
            "operationMetadataId": "c586eb4a-fb8d-48ff-931d-8a5a7c4ff8fe"
          },
          "type": "Recurrence"
        }
      },
      "actions": {
        "Run_a_Child_Flow": {
          "runAfter": {},
          "metadata": {
            "operationMetadataId": "c2b98aaa-c228-452b-8236-9f1c9f35c9c6"
          },
          "type": "Workflow",
          "inputs": {
            "host": {
              "workflowReferenceName": "398edc10-c598-ec11-b400-000d3adce6b6"
            },
            "body": {
              "boolean": true
            }
          }
        }
      },
      "outputs": {}
    }
  },
  "schemaVersion": "1.0.0.0"
}