<appaction uniquename="rpakit_RunAllTests!a154fe2f0a8a43beb1aac13c09e7d0c3!rpakit_OrchestrationCenter!rpakit_rpamodule!1">
  <appmoduleid>
    <uniquename>rpakit_OrchestrationCenter</uniquename>
  </appmoduleid>
  <buttonlabeltext default="Run All Tests">
    <label description="Run All Tests" languagecode="1033" />
  </buttonlabeltext>
  <buttonsequencepriority>27.5000000000</buttonsequencepriority>
  <buttontooltiptitle default="Schedule running all test cases with high priority">
    <label description="Schedule running all test cases with high priority" languagecode="1033" />
  </buttontooltiptitle>
  <context>1</context>
  <contextentity>
    <logicalname>rpakit_rpamodule</logicalname>
  </contextentity>
  <contextvalue>rpakit_rpamodule</contextvalue>
  <fonticon>Bot</fonticon>
  <hidden>0</hidden>
  <iscustomizable>1</iscustomizable>
  <isgrouptitlehidden>0</isgrouptitlehidden>
  <location>1</location>
  <name>RunAllTests!a154fe2f0a8a43beb1aac13c09e7d0c3</name>
  <onclickeventformulacomponentlibrary>6f48e188-1461-4cb3-a3be-db762c341cab</onclickeventformulacomponentlibrary>
  <onclickeventformulacomponentlibraryid>
    <name>rpakit_orchestrationcenterdefaultcommandlibrary_d920b</name>
  </onclickeventformulacomponentlibraryid>
  <onclickeventformulacomponentname>9f9dd6b8d04d459087bd09620f3d5fc1</onclickeventformulacomponentname>
  <onclickeventformulafunctionname>OnSelect</onclickeventformulafunctionname>
  <onclickeventtype>1</onclickeventtype>
  <statecode>0</statecode>
  <statuscode>1</statuscode>
  <type>0</type>
  <visibilityformulacomponentlibrary>6f48e188-1461-4cb3-a3be-db762c341cab</visibilityformulacomponentlibrary>
  <visibilityformulacomponentlibraryid>
    <name>rpakit_orchestrationcenterdefaultcommandlibrary_d920b</name>
  </visibilityformulacomponentlibraryid>
  <visibilityformulacomponentname>9f9dd6b8d04d459087bd09620f3d5fc1</visibilityformulacomponentname>
  <visibilityformulafunctionname>Visible</visibilityformulafunctionname>
</appaction>